observation_date,ticker,raw_value
2000-03-31,TIC_CHINA,71.4
2000-04-30,TIC_CHINA,72.5
2000-05-31,TIC_CHINA,67.5
2000-06-30,TIC_CHINA,66.4
2000-07-31,TIC_CHINA,62.6
2000-08-31,TIC_CHINA,62.1
2000-09-30,TIC_CHINA,59.5
2000-10-31,TIC_CHINA,58.9
2000-11-30,TIC_CHINA,60.3
2001-01-31,TIC_CHINA,63.7
2001-02-28,TIC_CHINA,69.8
2001-03-31,TIC_CHINA,69.2
2001-04-30,TIC_CHINA,69.2
2001-05-31,TIC_CHINA,72.7
2001-06-30,TIC_CHINA,74.2
2001-07-31,TIC_CHINA,73.4
2001-08-31,TIC_CHINA,72.0
2001-09-30,TIC_CHINA,72.3
2001-10-31,TIC_CHINA,77.9
2001-11-30,TIC_CHINA,78.6
2002-01-31,TIC_CHINA,76.5
2002-02-28,TIC_CHINA,84.5
2002-03-31,TIC_CHINA,82.4
2002-04-30,TIC_CHINA,81.3
2002-05-31,TIC_CHINA,81.0
2002-06-30,TIC_CHINA,96.5
2002-07-31,TIC_CHINA,102.3
2002-08-31,TIC_CHINA,104.7
2002-09-30,TIC_CHINA,106.5
2002-10-31,TIC_CHINA,112.4
2002-11-30,TIC_CHINA,118.4
2003-01-31,TIC_CHINA,121.8
2003-02-28,TIC_CHINA,133.2
2003-03-31,TIC_CHINA,134.0
2003-04-30,TIC_CHINA,135.8
2003-05-31,TIC_CHINA,137.2
2003-06-30,TIC_CHINA,147.1
2003-07-31,TIC_CHINA,148.8
2003-08-31,TIC_CHINA,147.1
2003-09-30,TIC_CHINA,151.5
2003-10-31,TIC_CHINA,154.2
2003-11-30,TIC_CHINA,159.0
2004-01-31,TIC_CHINA,155.0
2004-02-29,TIC_CHINA,158.7
2004-03-31,TIC_CHINA,163.9
2004-04-30,TIC_CHINA,165.8
2004-05-31,TIC_CHINA,166.6
2004-06-30,TIC_CHINA,194.3
2004-07-31,TIC_CHINA,201.6
2004-08-31,TIC_CHINA,209.4
2004-09-30,TIC_CHINA,214.8
2004-10-31,TIC_CHINA,220.2
2004-11-30,TIC_CHINA,222.9
2005-01-31,TIC_CHINA,224.9
2005-02-28,TIC_CHINA,223.7
2005-03-31,TIC_CHINA,240.2
2005-04-30,TIC_CHINA,243.1
2005-05-31,TIC_CHINA,243.3
2005-06-30,TIC_CHINA,298.0
2005-07-31,TIC_CHINA,302.1
2005-08-31,TIC_CHINA,306.3
2005-09-30,TIC_CHINA,301.7
2005-10-31,TIC_CHINA,303.9
2005-11-30,TIC_CHINA,310.0
2006-01-31,TIC_CHINA,318.4
2006-02-28,TIC_CHINA,319.2
2006-03-31,TIC_CHINA,321.1
2006-04-30,TIC_CHINA,324.5
2006-05-31,TIC_CHINA,328.0
2006-06-30,TIC_CHINA,372.3
2006-07-31,TIC_CHINA,386.5
2006-08-31,TIC_CHINA,389.7
2006-09-30,TIC_CHINA,392.2
2006-10-31,TIC_CHINA,393.8
2006-11-30,TIC_CHINA,396.9
2007-01-31,TIC_CHINA,416.0
2007-02-28,TIC_CHINA,420.0
2007-03-31,TIC_CHINA,414.2
2007-04-30,TIC_CHINA,407.5
2007-05-31,TIC_CHINA,405.2
2007-06-30,TIC_CHINA,477.3
2007-07-31,TIC_CHINA,471.2
2007-08-31,TIC_CHINA,467.7
2007-09-30,TIC_CHINA,459.1
2007-10-31,TIC_CHINA,458.9
2007-11-30,TIC_CHINA,477.6
2008-01-31,TIC_CHINA,486.9
2008-02-29,TIC_CHINA,490.6
2008-03-31,TIC_CHINA,502.0
2008-04-30,TIC_CHINA,506.8
2008-05-31,TIC_CHINA,503.8
2008-06-30,TIC_CHINA,535.1
2008-07-31,TIC_CHINA,573.7
2008-08-31,TIC_CHINA,618.2
2008-09-30,TIC_CHINA,684.1
2008-10-31,TIC_CHINA,713.2
2008-11-30,TIC_CHINA,727.4
2009-01-31,TIC_CHINA,744.2
2009-02-28,TIC_CHINA,767.9
2009-03-31,TIC_CHINA,763.5
2009-04-30,TIC_CHINA,801.5
2009-05-31,TIC_CHINA,776.4
2009-06-30,TIC_CHINA,915.8
2009-07-31,TIC_CHINA,936.5
2009-08-31,TIC_CHINA,938.3
2009-09-30,TIC_CHINA,938.3
2009-10-31,TIC_CHINA,929.0
2009-11-30,TIC_CHINA,894.8
2010-01-31,TIC_CHINA,877.5
2010-02-28,TIC_CHINA,895.2
2010-03-31,TIC_CHINA,900.2
2010-04-30,TIC_CHINA,867.7
2010-05-31,TIC_CHINA,843.7
2010-06-30,TIC_CHINA,1112.1
2010-07-31,TIC_CHINA,1136.8
2010-08-31,TIC_CHINA,1151.9
2010-09-30,TIC_CHINA,1175.3
2010-10-31,TIC_CHINA,1164.1
2010-11-30,TIC_CHINA,1160.1
2011-01-31,TIC_CHINA,1154.1
2011-02-28,TIC_CHINA,1144.9
2011-03-31,TIC_CHINA,1152.5
2011-04-30,TIC_CHINA,1159.8
2011-05-31,TIC_CHINA,1165.5
2011-06-30,TIC_CHINA,1307.0
2011-07-31,TIC_CHINA,1278.5
2011-08-31,TIC_CHINA,1270.2
2011-09-30,TIC_CHINA,1256.0
2011-10-31,TIC_CHINA,1254.6
2011-11-30,TIC_CHINA,1151.9
2012-01-31,TIC_CHINA,1155.2
2012-02-29,TIC_CHINA,1144.0
2012-03-31,TIC_CHINA,1164.4
2012-04-30,TIC_CHINA,1164.0
2012-05-31,TIC_CHINA,1147.0
2012-06-30,TIC_CHINA,1160.0
2012-07-31,TIC_CHINA,1155.2
2012-08-31,TIC_CHINA,1153.6
2012-09-30,TIC_CHINA,1169.9
2012-10-31,TIC_CHINA,1183.1
2012-11-30,TIC_CHINA,1220.4
2013-01-31,TIC_CHINA,1251.9
2013-02-28,TIC_CHINA,1270.3
2013-03-31,TIC_CHINA,1290.7
2013-04-30,TIC_CHINA,1297.3
2013-05-31,TIC_CHINA,1275.8
2013-06-30,TIC_CHINA,1279.3
2013-07-31,TIC_CHINA,1268.1
2013-08-31,TIC_CHINA,1293.8
2013-09-30,TIC_CHINA,1304.5
2013-10-31,TIC_CHINA,1316.7
2013-11-30,TIC_CHINA,1270.1
2014-01-31,TIC_CHINA,1272.9
2014-02-28,TIC_CHINA,1272.1
2014-03-31,TIC_CHINA,1263.2
2014-04-30,TIC_CHINA,1270.9
2014-05-31,TIC_CHINA,1268.4
2014-06-30,TIC_CHINA,1264.9
2014-07-31,TIC_CHINA,1269.7
2014-08-31,TIC_CHINA,1266.3
2014-09-30,TIC_CHINA,1252.7
2014-10-31,TIC_CHINA,1250.4
2014-11-30,TIC_CHINA,1244.3
2015-01-31,TIC_CHINA,1223.7
2015-02-28,TIC_CHINA,1261.0
2015-03-31,TIC_CHINA,1263.4
2015-04-30,TIC_CHINA,1270.3
2015-05-31,TIC_CHINA,1271.2
2015-06-30,TIC_CHINA,1268.8
2015-07-31,TIC_CHINA,1270.5
2015-08-31,TIC_CHINA,1258.0
2015-09-30,TIC_CHINA,1254.8
2015-10-31,TIC_CHINA,1264.5
2015-11-30,TIC_CHINA,1246.1
2016-01-31,TIC_CHINA,1252.3
2016-02-29,TIC_CHINA,1244.6
2016-03-31,TIC_CHINA,1242.8
2016-04-30,TIC_CHINA,1244.0
2016-05-31,TIC_CHINA,1240.8
2016-06-30,TIC_CHINA,1218.8
2016-07-31,TIC_CHINA,1185.1
2016-08-31,TIC_CHINA,1157.0
2016-09-30,TIC_CHINA,1115.7
2016-10-31,TIC_CHINA,1049.3
2016-11-30,TIC_CHINA,1058.4
2017-01-31,TIC_CHINA,1059.7
2017-02-28,TIC_CHINA,1088.1
2017-03-31,TIC_CHINA,1092.2
2017-04-30,TIC_CHINA,1102.2
2017-05-31,TIC_CHINA,1146.5
2017-06-30,TIC_CHINA,1166.9
2017-07-31,TIC_CHINA,1201.7
2017-08-31,TIC_CHINA,1182.3
2017-09-30,TIC_CHINA,1189.2
2017-10-31,TIC_CHINA,1176.6
2017-11-30,TIC_CHINA,1184.9
2018-01-31,TIC_CHINA,1176.7
2018-02-28,TIC_CHINA,1187.7
2018-03-31,TIC_CHINA,1181.9
2018-04-30,TIC_CHINA,1183.1
2018-05-31,TIC_CHINA,1191.2
2018-06-30,TIC_CHINA,1171.0
2018-07-31,TIC_CHINA,1165.1
2018-08-31,TIC_CHINA,1151.4
2018-09-30,TIC_CHINA,1138.9
2018-10-31,TIC_CHINA,1121.4
2018-11-30,TIC_CHINA,1124.3
2019-01-31,TIC_CHINA,1130.9
2019-02-28,TIC_CHINA,1120.5
2019-03-31,TIC_CHINA,1113.0
2019-04-30,TIC_CHINA,1110.2
2019-05-31,TIC_CHINA,1112.5
2019-06-30,TIC_CHINA,1110.3
2019-07-31,TIC_CHINA,1103.5
2019-08-31,TIC_CHINA,1102.4
2019-09-30,TIC_CHINA,1101.5
2019-10-31,TIC_CHINA,1089.1
2019-11-30,TIC_CHINA,1069.9
2020-01-31,TIC_CHINA,1092.3
2020-02-29,TIC_CHINA,1081.6
2020-03-31,TIC_CHINA,1072.8
2020-04-30,TIC_CHINA,1083.7
2020-05-31,TIC_CHINA,1074.4
2020-06-30,TIC_CHINA,1073.4
2020-07-31,TIC_CHINA,1068.0
2020-08-31,TIC_CHINA,1061.7
2020-09-30,TIC_CHINA,1054.0
2020-10-31,TIC_CHINA,1063.0
2020-11-30,TIC_CHINA,1072.3
2021-01-31,TIC_CHINA,1104.2
2021-02-28,TIC_CHINA,1100.4
2021-03-31,TIC_CHINA,1096.1
2021-04-30,TIC_CHINA,1078.4
2021-05-31,TIC_CHINA,1061.8
2021-06-30,TIC_CHINA,1068.3
2021-07-31,TIC_CHINA,1047.0
2021-08-31,TIC_CHINA,1047.5
2021-09-30,TIC_CHINA,1065.4
2021-10-31,TIC_CHINA,1052.9
2021-11-30,TIC_CHINA,1040.3
2022-01-31,TIC_CHINA,1028.7
2022-02-28,TIC_CHINA,1013.2
2022-03-31,TIC_CHINA,976.0
2022-04-30,TIC_CHINA,951.8
2022-05-31,TIC_CHINA,938.8
2022-06-30,TIC_CHINA,939.2
2022-07-31,TIC_CHINA,938.6
2022-08-31,TIC_CHINA,901.7
2022-09-30,TIC_CHINA,877.9
2022-10-31,TIC_CHINA,870.3
2022-11-30,TIC_CHINA,867.1
2023-01-31,TIC_CHINA,849.0
2023-02-28,TIC_CHINA,869.3
2023-03-31,TIC_CHINA,868.9
2023-04-30,TIC_CHINA,846.7
2023-05-31,TIC_CHINA,835.8
2023-06-30,TIC_CHINA,821.8
2023-07-31,TIC_CHINA,805.4
2023-08-31,TIC_CHINA,778.1
2023-09-30,TIC_CHINA,769.6
2023-10-31,TIC_CHINA,782.0
2023-11-30,TIC_CHINA,816.3
2024-01-31,TIC_CHINA,775.0
2024-02-29,TIC_CHINA,767.4
2024-03-31,TIC_CHINA,770.7
2024-04-30,TIC_CHINA,768.3
2024-05-31,TIC_CHINA,780.2
2024-06-30,TIC_CHINA,776.5
2024-07-31,TIC_CHINA,774.6
2024-08-31,TIC_CHINA,772.0
2024-09-30,TIC_CHINA,760.1
2024-10-31,TIC_CHINA,768.6
2024-11-30,TIC_CHINA,759.0
2025-01-31,TIC_CHINA,784.3
2025-02-28,TIC_CHINA,784.3
2025-03-31,TIC_CHINA,765.4
2025-04-30,TIC_CHINA,743.6
2025-05-31,TIC_CHINA,732.7
2025-06-30,TIC_CHINA,731.4
2025-07-31,TIC_CHINA,695.6
2025-08-31,TIC_CHINA,699.7
2025-09-30,TIC_CHINA,699.2
2025-10-31,TIC_CHINA,687.7
2025-11-30,TIC_CHINA,683.9
2025-12-31,TIC_CHINA,683.5
2026-01-31,TIC_CHINA,694.4
2026-02-28,TIC_CHINA,693.3
2000-03-31,TIC_GRAND_TOTAL,1085.0
2000-04-30,TIC_GRAND_TOTAL,1072.2
2000-05-31,TIC_GRAND_TOTAL,1060.7
2000-06-30,TIC_GRAND_TOTAL,1055.9
2000-07-31,TIC_GRAND_TOTAL,1053.9
2000-08-31,TIC_GRAND_TOTAL,1038.8
2000-09-30,TIC_GRAND_TOTAL,1035.2
2000-10-31,TIC_GRAND_TOTAL,1021.0
2000-11-30,TIC_GRAND_TOTAL,1015.2
2001-01-31,TIC_GRAND_TOTAL,1015.4
2001-02-28,TIC_GRAND_TOTAL,1012.5
2001-03-31,TIC_GRAND_TOTAL,987.8
2001-04-30,TIC_GRAND_TOTAL,986.2
2001-05-31,TIC_GRAND_TOTAL,983.3
2001-06-30,TIC_GRAND_TOTAL,975.9
2001-07-31,TIC_GRAND_TOTAL,994.0
2001-08-31,TIC_GRAND_TOTAL,992.2
2001-09-30,TIC_GRAND_TOTAL,1016.0
2001-10-31,TIC_GRAND_TOTAL,1036.3
2001-11-30,TIC_GRAND_TOTAL,1040.1
2002-01-31,TIC_GRAND_TOTAL,1035.8
2002-02-28,TIC_GRAND_TOTAL,1057.2
2002-03-31,TIC_GRAND_TOTAL,1042.8
2002-04-30,TIC_GRAND_TOTAL,1061.2
2002-05-31,TIC_GRAND_TOTAL,1097.5
2002-06-30,TIC_GRAND_TOTAL,1123.1
2002-07-31,TIC_GRAND_TOTAL,1168.9
2002-08-31,TIC_GRAND_TOTAL,1188.6
2002-09-30,TIC_GRAND_TOTAL,1194.2
2002-10-31,TIC_GRAND_TOTAL,1220.0
2002-11-30,TIC_GRAND_TOTAL,1235.6
2003-01-31,TIC_GRAND_TOTAL,1236.4
2003-02-28,TIC_GRAND_TOTAL,1275.2
2003-03-31,TIC_GRAND_TOTAL,1278.0
2003-04-30,TIC_GRAND_TOTAL,1328.1
2003-05-31,TIC_GRAND_TOTAL,1369.9
2003-06-30,TIC_GRAND_TOTAL,1371.9
2003-07-31,TIC_GRAND_TOTAL,1444.9
2003-08-31,TIC_GRAND_TOTAL,1443.3
2003-09-30,TIC_GRAND_TOTAL,1451.9
2003-10-31,TIC_GRAND_TOTAL,1498.3
2003-11-30,TIC_GRAND_TOTAL,1523.1
2004-01-31,TIC_GRAND_TOTAL,1609.2
2004-02-29,TIC_GRAND_TOTAL,1670.0
2004-03-31,TIC_GRAND_TOTAL,1711.2
2004-04-30,TIC_GRAND_TOTAL,1743.8
2004-05-31,TIC_GRAND_TOTAL,1820.4
2004-06-30,TIC_GRAND_TOTAL,1735.4
2004-07-31,TIC_GRAND_TOTAL,1770.1
2004-08-31,TIC_GRAND_TOTAL,1794.5
2004-09-30,TIC_GRAND_TOTAL,1812.7
2004-10-31,TIC_GRAND_TOTAL,1846.6
2004-11-30,TIC_GRAND_TOTAL,1849.3
2005-01-31,TIC_GRAND_TOTAL,1914.4
2005-02-28,TIC_GRAND_TOTAL,1952.2
2005-03-31,TIC_GRAND_TOTAL,1980.9
2005-04-30,TIC_GRAND_TOTAL,1981.9
2005-05-31,TIC_GRAND_TOTAL,1971.3
2005-06-30,TIC_GRAND_TOTAL,1877.5
2005-07-31,TIC_GRAND_TOTAL,1925.9
2005-08-31,TIC_GRAND_TOTAL,1929.6
2005-09-30,TIC_GRAND_TOTAL,1964.9
2005-10-31,TIC_GRAND_TOTAL,2034.0
2005-11-30,TIC_GRAND_TOTAL,2033.9
2006-01-31,TIC_GRAND_TOTAL,2071.3
2006-02-28,TIC_GRAND_TOTAL,2082.1
2006-03-31,TIC_GRAND_TOTAL,2059.5
2006-04-30,TIC_GRAND_TOTAL,2071.4
2006-05-31,TIC_GRAND_TOTAL,2095.3
2006-06-30,TIC_GRAND_TOTAL,1977.8
2006-07-31,TIC_GRAND_TOTAL,2038.0
2006-08-31,TIC_GRAND_TOTAL,2025.3
2006-09-30,TIC_GRAND_TOTAL,2054.4
2006-10-31,TIC_GRAND_TOTAL,2097.0
2006-11-30,TIC_GRAND_TOTAL,2103.1
2007-01-31,TIC_GRAND_TOTAL,2143.3
2007-02-28,TIC_GRAND_TOTAL,2194.3
2007-03-31,TIC_GRAND_TOTAL,2166.2
2007-04-30,TIC_GRAND_TOTAL,2184.6
2007-05-31,TIC_GRAND_TOTAL,2191.2
2007-06-30,TIC_GRAND_TOTAL,2191.5
2007-07-31,TIC_GRAND_TOTAL,2217.8
2007-08-31,TIC_GRAND_TOTAL,2235.4
2007-09-30,TIC_GRAND_TOTAL,2299.1
2007-10-31,TIC_GRAND_TOTAL,2335.0
2007-11-30,TIC_GRAND_TOTAL,2351.1
2008-01-31,TIC_GRAND_TOTAL,2426.2
2008-02-29,TIC_GRAND_TOTAL,2506.3
2008-03-31,TIC_GRAND_TOTAL,2586.7
2008-04-30,TIC_GRAND_TOTAL,2597.7
2008-05-31,TIC_GRAND_TOTAL,2633.8
2008-06-30,TIC_GRAND_TOTAL,2587.4
2008-07-31,TIC_GRAND_TOTAL,2688.7
2008-08-31,TIC_GRAND_TOTAL,2802.4
2008-09-30,TIC_GRAND_TOTAL,2980.6
2008-10-31,TIC_GRAND_TOTAL,3036.6
2008-11-30,TIC_GRAND_TOTAL,3077.2
2009-01-31,TIC_GRAND_TOTAL,3161.9
2009-02-28,TIC_GRAND_TOTAL,3265.7
2009-03-31,TIC_GRAND_TOTAL,3262.1
2009-04-30,TIC_GRAND_TOTAL,3292.6
2009-05-31,TIC_GRAND_TOTAL,3383.9
2009-06-30,TIC_GRAND_TOTAL,3460.8
2009-07-31,TIC_GRAND_TOTAL,3531.1
2009-08-31,TIC_GRAND_TOTAL,3570.6
2009-09-30,TIC_GRAND_TOTAL,3571.6
2009-10-31,TIC_GRAND_TOTAL,3669.0
2009-11-30,TIC_GRAND_TOTAL,3685.1
2010-01-31,TIC_GRAND_TOTAL,3745.5
2010-02-28,TIC_GRAND_TOTAL,3877.9
2010-03-31,TIC_GRAND_TOTAL,3951.2
2010-04-30,TIC_GRAND_TOTAL,3958.2
2010-05-31,TIC_GRAND_TOTAL,4002.9
2010-06-30,TIC_GRAND_TOTAL,4070.0
2010-07-31,TIC_GRAND_TOTAL,4262.1
2010-08-31,TIC_GRAND_TOTAL,4316.0
2010-09-30,TIC_GRAND_TOTAL,4356.0
2010-10-31,TIC_GRAND_TOTAL,4394.4
2010-11-30,TIC_GRAND_TOTAL,4415.8
2011-01-31,TIC_GRAND_TOTAL,4466.9
2011-02-28,TIC_GRAND_TOTAL,4481.4
2011-03-31,TIC_GRAND_TOTAL,4496.5
2011-04-30,TIC_GRAND_TOTAL,4536.6
2011-05-31,TIC_GRAND_TOTAL,4533.6
2011-06-30,TIC_GRAND_TOTAL,4690.6
2011-07-31,TIC_GRAND_TOTAL,4763.3
2011-08-31,TIC_GRAND_TOTAL,4912.1
2011-09-30,TIC_GRAND_TOTAL,4921.7
2011-10-31,TIC_GRAND_TOTAL,5008.8
2011-11-30,TIC_GRAND_TOTAL,5004.4
2012-01-31,TIC_GRAND_TOTAL,5102.7
2012-02-29,TIC_GRAND_TOTAL,5145.1
2012-03-31,TIC_GRAND_TOTAL,5214.5
2012-04-30,TIC_GRAND_TOTAL,5265.3
2012-05-31,TIC_GRAND_TOTAL,5310.9
2012-06-30,TIC_GRAND_TOTAL,5378.7
2012-07-31,TIC_GRAND_TOTAL,5447.4
2012-08-31,TIC_GRAND_TOTAL,5476.1
2012-09-30,TIC_GRAND_TOTAL,5526.7
2012-10-31,TIC_GRAND_TOTAL,5538.2
2012-11-30,TIC_GRAND_TOTAL,5573.8
2013-01-31,TIC_GRAND_TOTAL,5691.1
2013-02-28,TIC_GRAND_TOTAL,5725.0
2013-03-31,TIC_GRAND_TOTAL,5709.7
2013-04-30,TIC_GRAND_TOTAL,5658.1
2013-05-31,TIC_GRAND_TOTAL,5595.0
2013-06-30,TIC_GRAND_TOTAL,5592.8
2013-07-31,TIC_GRAND_TOTAL,5595.8
2013-08-31,TIC_GRAND_TOTAL,5652.8
2013-09-30,TIC_GRAND_TOTAL,5655.1
2013-10-31,TIC_GRAND_TOTAL,5716.8
2013-11-30,TIC_GRAND_TOTAL,5792.6
2014-01-31,TIC_GRAND_TOTAL,5890.1
2014-02-28,TIC_GRAND_TOTAL,5948.3
2014-03-31,TIC_GRAND_TOTAL,5959.4
2014-04-30,TIC_GRAND_TOTAL,5974.5
2014-05-31,TIC_GRAND_TOTAL,6018.7
2014-06-30,TIC_GRAND_TOTAL,6002.6
2014-07-31,TIC_GRAND_TOTAL,6069.2
2014-08-31,TIC_GRAND_TOTAL,6069.2
2014-09-30,TIC_GRAND_TOTAL,6062.0
2014-10-31,TIC_GRAND_TOTAL,6114.8
2014-11-30,TIC_GRAND_TOTAL,6158.0
2015-01-31,TIC_GRAND_TOTAL,6163.4
2015-02-28,TIC_GRAND_TOTAL,6172.6
2015-03-31,TIC_GRAND_TOTAL,6137.9
2015-04-30,TIC_GRAND_TOTAL,6134.8
2015-05-31,TIC_GRAND_TOTAL,6161.0
2015-06-30,TIC_GRAND_TOTAL,6117.4
2015-07-31,TIC_GRAND_TOTAL,6099.6
2015-08-31,TIC_GRAND_TOTAL,6104.0
2015-09-30,TIC_GRAND_TOTAL,6045.3
2015-10-31,TIC_GRAND_TOTAL,6123.4
2015-11-30,TIC_GRAND_TOTAL,6144.2
2016-01-31,TIC_GRAND_TOTAL,6241.5
2016-02-29,TIC_GRAND_TOTAL,6284.4
2016-03-31,TIC_GRAND_TOTAL,6236.7
2016-04-30,TIC_GRAND_TOTAL,6208.3
2016-05-31,TIC_GRAND_TOTAL,6279.1
2016-06-30,TIC_GRAND_TOTAL,6248.1
2016-07-31,TIC_GRAND_TOTAL,6197.1
2016-08-31,TIC_GRAND_TOTAL,6155.9
2016-09-30,TIC_GRAND_TOTAL,6043.6
2016-10-31,TIC_GRAND_TOTAL,5953.0
2016-11-30,TIC_GRAND_TOTAL,6002.8
2017-01-31,TIC_GRAND_TOTAL,6012.5
2017-02-28,TIC_GRAND_TOTAL,6075.3
2017-03-31,TIC_GRAND_TOTAL,6060.5
2017-04-30,TIC_GRAND_TOTAL,6108.4
2017-05-31,TIC_GRAND_TOTAL,6151.9
2017-06-30,TIC_GRAND_TOTAL,6230.2
2017-07-31,TIC_GRAND_TOTAL,6249.4
2017-08-31,TIC_GRAND_TOTAL,6301.9
2017-09-30,TIC_GRAND_TOTAL,6324.1
2017-10-31,TIC_GRAND_TOTAL,6306.2
2017-11-30,TIC_GRAND_TOTAL,6211.3
2018-01-31,TIC_GRAND_TOTAL,6221.7
2018-02-28,TIC_GRAND_TOTAL,6223.4
2018-03-31,TIC_GRAND_TOTAL,6180.0
2018-04-30,TIC_GRAND_TOTAL,6215.1
2018-05-31,TIC_GRAND_TOTAL,6225.0
2018-06-30,TIC_GRAND_TOTAL,6254.4
2018-07-31,TIC_GRAND_TOTAL,6278.6
2018-08-31,TIC_GRAND_TOTAL,6225.9
2018-09-30,TIC_GRAND_TOTAL,6200.3
2018-10-31,TIC_GRAND_TOTAL,6199.9
2018-11-30,TIC_GRAND_TOTAL,6270.1
2019-01-31,TIC_GRAND_TOTAL,6374.5
2019-02-28,TIC_GRAND_TOTAL,6474.0
2019-03-31,TIC_GRAND_TOTAL,6433.9
2019-04-30,TIC_GRAND_TOTAL,6539.4
2019-05-31,TIC_GRAND_TOTAL,6625.9
2019-06-30,TIC_GRAND_TOTAL,6800.2
2019-07-31,TIC_GRAND_TOTAL,7036.4
2019-08-31,TIC_GRAND_TOTAL,6923.5
2019-09-30,TIC_GRAND_TOTAL,6946.4
2019-10-31,TIC_GRAND_TOTAL,6902.1
2019-11-30,TIC_GRAND_TOTAL,6844.2
2020-01-31,TIC_GRAND_TOTAL,7226.0
2020-02-29,TIC_GRAND_TOTAL,6949.5
2020-03-31,TIC_GRAND_TOTAL,6903.1
2020-04-30,TIC_GRAND_TOTAL,6978.1
2020-05-31,TIC_GRAND_TOTAL,7052.1
2020-06-30,TIC_GRAND_TOTAL,7096.2
2020-07-31,TIC_GRAND_TOTAL,7082.0
2020-08-31,TIC_GRAND_TOTAL,7069.2
2020-09-30,TIC_GRAND_TOTAL,7070.4
2020-10-31,TIC_GRAND_TOTAL,7051.2
2020-11-30,TIC_GRAND_TOTAL,7070.7
2021-01-31,TIC_GRAND_TOTAL,7108.8
2021-02-28,TIC_GRAND_TOTAL,7038.3
2021-03-31,TIC_GRAND_TOTAL,7078.6
2021-04-30,TIC_GRAND_TOTAL,7144.7
2021-05-31,TIC_GRAND_TOTAL,7518.9
2021-06-30,TIC_GRAND_TOTAL,7567.3
2021-07-31,TIC_GRAND_TOTAL,7578.8
2021-08-31,TIC_GRAND_TOTAL,7570.9
2021-09-30,TIC_GRAND_TOTAL,7660.7
2021-10-31,TIC_GRAND_TOTAL,7687.9
2021-11-30,TIC_GRAND_TOTAL,7740.4
2022-01-31,TIC_GRAND_TOTAL,7703.5
2022-02-28,TIC_GRAND_TOTAL,7604.2
2022-03-31,TIC_GRAND_TOTAL,7443.1
2022-04-30,TIC_GRAND_TOTAL,7410.8
2022-05-31,TIC_GRAND_TOTAL,7416.9
2022-06-30,TIC_GRAND_TOTAL,7485.5
2022-07-31,TIC_GRAND_TOTAL,7492.7
2022-08-31,TIC_GRAND_TOTAL,7251.5
2022-09-30,TIC_GRAND_TOTAL,7133.2
2022-10-31,TIC_GRAND_TOTAL,7184.7
2022-11-30,TIC_GRAND_TOTAL,7194.7
2023-01-31,TIC_GRAND_TOTAL,7254.9
2023-02-28,TIC_GRAND_TOTAL,7468.6
2023-03-31,TIC_GRAND_TOTAL,7506.0
2023-04-30,TIC_GRAND_TOTAL,7458.6
2023-05-31,TIC_GRAND_TOTAL,7563.2
2023-06-30,TIC_GRAND_TOTAL,7595.1
2023-07-31,TIC_GRAND_TOTAL,7620.5
2023-08-31,TIC_GRAND_TOTAL,7509.1
2023-09-30,TIC_GRAND_TOTAL,7476.7
2023-10-31,TIC_GRAND_TOTAL,7716.3
2023-11-30,TIC_GRAND_TOTAL,7940.0
2024-01-31,TIC_GRAND_TOTAL,7999.3
2024-02-29,TIC_GRAND_TOTAL,8107.9
2024-03-31,TIC_GRAND_TOTAL,8036.2
2024-04-30,TIC_GRAND_TOTAL,8130.7
2024-05-31,TIC_GRAND_TOTAL,8299.3
2024-06-30,TIC_GRAND_TOTAL,8428.2
2024-07-31,TIC_GRAND_TOTAL,8611.4
2024-08-31,TIC_GRAND_TOTAL,8766.3
2024-09-30,TIC_GRAND_TOTAL,8693.5
2024-10-31,TIC_GRAND_TOTAL,8723.3
2024-11-30,TIC_GRAND_TOTAL,8619.3
2025-01-31,TIC_GRAND_TOTAL,8900.0
2025-02-28,TIC_GRAND_TOTAL,8900.0
2025-03-31,TIC_GRAND_TOTAL,9054.2
2025-04-30,TIC_GRAND_TOTAL,9001.0
2025-05-31,TIC_GRAND_TOTAL,9023.5
2025-06-30,TIC_GRAND_TOTAL,9094.0
2025-07-31,TIC_GRAND_TOTAL,9109.4
2025-08-31,TIC_GRAND_TOTAL,9248.4
2025-09-30,TIC_GRAND_TOTAL,9237.1
2025-10-31,TIC_GRAND_TOTAL,9232.9
2025-11-30,TIC_GRAND_TOTAL,9349.6
2025-12-31,TIC_GRAND_TOTAL,9267.2
2026-01-31,TIC_GRAND_TOTAL,9289.4
2026-02-28,TIC_GRAND_TOTAL,9487.1
2000-03-31,TIC_JAPAN,307.6
2000-04-30,TIC_JAPAN,319.4
2000-05-31,TIC_JAPAN,318.8
2000-06-30,TIC_JAPAN,319.6
2000-07-31,TIC_JAPAN,317.8
2000-08-31,TIC_JAPAN,317.3
2000-09-30,TIC_JAPAN,317.7
2000-10-31,TIC_JAPAN,321.7
2000-11-30,TIC_JAPAN,317.7
2001-01-31,TIC_JAPAN,312.5
2001-02-28,TIC_JAPAN,307.1
2001-03-31,TIC_JAPAN,305.9
2001-04-30,TIC_JAPAN,306.7
2001-05-31,TIC_JAPAN,300.8
2001-06-30,TIC_JAPAN,295.3
2001-07-31,TIC_JAPAN,293.1
2001-08-31,TIC_JAPAN,292.9
2001-09-30,TIC_JAPAN,314.5
2001-10-31,TIC_JAPAN,315.4
2001-11-30,TIC_JAPAN,317.9
2002-01-31,TIC_JAPAN,311.9
2002-02-28,TIC_JAPAN,312.6
2002-03-31,TIC_JAPAN,314.6
2002-04-30,TIC_JAPAN,317.8
2002-05-31,TIC_JAPAN,335.8
2002-06-30,TIC_JAPAN,349.2
2002-07-31,TIC_JAPAN,364.6
2002-08-31,TIC_JAPAN,373.8
2002-09-30,TIC_JAPAN,373.1
2002-10-31,TIC_JAPAN,374.9
2002-11-30,TIC_JAPAN,378.1
2003-01-31,TIC_JAPAN,391.1
2003-02-28,TIC_JAPAN,399.3
2003-03-31,TIC_JAPAN,401.8
2003-04-30,TIC_JAPAN,441.4
2003-05-31,TIC_JAPAN,453.1
2003-06-30,TIC_JAPAN,461.0
2003-07-31,TIC_JAPAN,471.4
2003-08-31,TIC_JAPAN,491.2
2003-09-30,TIC_JAPAN,507.7
2003-10-31,TIC_JAPAN,531.1
2003-11-30,TIC_JAPAN,550.8
2004-01-31,TIC_JAPAN,613.2
2004-02-29,TIC_JAPAN,645.3
2004-03-31,TIC_JAPAN,651.8
2004-04-30,TIC_JAPAN,666.4
2004-05-31,TIC_JAPAN,688.4
2004-06-30,TIC_JAPAN,666.6
2004-07-31,TIC_JAPAN,699.4
2004-08-31,TIC_JAPAN,698.9
2004-09-30,TIC_JAPAN,692.3
2004-10-31,TIC_JAPAN,693.1
2004-11-30,TIC_JAPAN,689.9
2005-01-31,TIC_JAPAN,680.8
2005-02-28,TIC_JAPAN,681.6
2005-03-31,TIC_JAPAN,688.2
2005-04-30,TIC_JAPAN,686.8
2005-05-31,TIC_JAPAN,681.2
2005-06-30,TIC_JAPAN,667.1
2005-07-31,TIC_JAPAN,670.0
2005-08-31,TIC_JAPAN,672.8
2005-09-30,TIC_JAPAN,667.6
2005-10-31,TIC_JAPAN,667.9
2005-11-30,TIC_JAPAN,670.0
2006-01-31,TIC_JAPAN,656.4
2006-02-28,TIC_JAPAN,639.0
2006-03-31,TIC_JAPAN,639.4
2006-04-30,TIC_JAPAN,636.1
2006-05-31,TIC_JAPAN,635.4
2006-06-30,TIC_JAPAN,614.7
2006-07-31,TIC_JAPAN,623.5
2006-08-31,TIC_JAPAN,618.1
2006-09-30,TIC_JAPAN,618.1
2006-10-31,TIC_JAPAN,615.9
2006-11-30,TIC_JAPAN,622.9
2007-01-31,TIC_JAPAN,616.4
2007-02-28,TIC_JAPAN,611.4
2007-03-31,TIC_JAPAN,614.6
2007-04-30,TIC_JAPAN,615.0
2007-05-31,TIC_JAPAN,612.9
2007-06-30,TIC_JAPAN,622.9
2007-07-31,TIC_JAPAN,595.8
2007-08-31,TIC_JAPAN,591.9
2007-09-30,TIC_JAPAN,601.8
2007-10-31,TIC_JAPAN,589.6
2007-11-30,TIC_JAPAN,579.9
2008-01-31,TIC_JAPAN,583.3
2008-02-29,TIC_JAPAN,597.4
2008-03-31,TIC_JAPAN,588.8
2008-04-30,TIC_JAPAN,575.3
2008-05-31,TIC_JAPAN,580.4
2008-06-30,TIC_JAPAN,628.0
2008-07-31,TIC_JAPAN,630.3
2008-08-31,TIC_JAPAN,617.5
2008-09-30,TIC_JAPAN,629.6
2008-10-31,TIC_JAPAN,625.2
2008-11-30,TIC_JAPAN,626.0
2009-01-31,TIC_JAPAN,661.9
2009-02-28,TIC_JAPAN,686.7
2009-03-31,TIC_JAPAN,685.9
2009-04-30,TIC_JAPAN,677.2
2009-05-31,TIC_JAPAN,711.2
2009-06-30,TIC_JAPAN,708.2
2009-07-31,TIC_JAPAN,727.5
2009-08-31,TIC_JAPAN,747.9
2009-09-30,TIC_JAPAN,742.9
2009-10-31,TIC_JAPAN,754.3
2009-11-30,TIC_JAPAN,765.7
2010-01-31,TIC_JAPAN,768.2
2010-02-28,TIC_JAPAN,783.3
2010-03-31,TIC_JAPAN,793.8
2010-04-30,TIC_JAPAN,784.8
2010-05-31,TIC_JAPAN,801.2
2010-06-30,TIC_JAPAN,799.9
2010-07-31,TIC_JAPAN,832.4
2010-08-31,TIC_JAPAN,860.8
2010-09-30,TIC_JAPAN,873.6
2010-10-31,TIC_JAPAN,875.9
2010-11-30,TIC_JAPAN,882.3
2011-01-31,TIC_JAPAN,890.4
2011-02-28,TIC_JAPAN,908.1
2011-03-31,TIC_JAPAN,906.7
2011-04-30,TIC_JAPAN,912.4
2011-05-31,TIC_JAPAN,911.1
2011-06-30,TIC_JAPAN,881.5
2011-07-31,TIC_JAPAN,906.7
2011-08-31,TIC_JAPAN,984.0
2011-09-30,TIC_JAPAN,1006.2
2011-10-31,TIC_JAPAN,1066.2
2011-11-30,TIC_JAPAN,1058.1
2012-01-31,TIC_JAPAN,1088.6
2012-02-29,TIC_JAPAN,1080.4
2012-03-31,TIC_JAPAN,1087.9
2012-04-30,TIC_JAPAN,1107.2
2012-05-31,TIC_JAPAN,1108.4
2012-06-30,TIC_JAPAN,1119.8
2012-07-31,TIC_JAPAN,1120.9
2012-08-31,TIC_JAPAN,1128.5
2012-09-30,TIC_JAPAN,1131.9
2012-10-31,TIC_JAPAN,1117.7
2012-11-30,TIC_JAPAN,1111.2
2013-01-31,TIC_JAPAN,1105.5
2013-02-28,TIC_JAPAN,1114.3
2013-03-31,TIC_JAPAN,1112.7
2013-04-30,TIC_JAPAN,1103.7
2013-05-31,TIC_JAPAN,1083.3
2013-06-30,TIC_JAPAN,1135.4
2013-07-31,TIC_JAPAN,1149.1
2013-08-31,TIC_JAPAN,1178.1
2013-09-30,TIC_JAPAN,1174.4
2013-10-31,TIC_JAPAN,1186.4
2013-11-30,TIC_JAPAN,1182.5
2014-01-31,TIC_JAPAN,1210.8
2014-02-28,TIC_JAPAN,1200.2
2014-03-31,TIC_JAPAN,1209.7
2014-04-30,TIC_JAPAN,1220.1
2014-05-31,TIC_JAPAN,1219.3
2014-06-30,TIC_JAPAN,1219.0
2014-07-31,TIC_JAPAN,1230.1
2014-08-31,TIC_JAPAN,1221.8
2014-09-30,TIC_JAPAN,1222.4
2014-10-31,TIC_JAPAN,1241.5
2014-11-30,TIC_JAPAN,1230.9
2015-01-31,TIC_JAPAN,1224.4
2015-02-28,TIC_JAPAN,1224.7
2015-03-31,TIC_JAPAN,1215.9
2015-04-30,TIC_JAPAN,1214.9
2015-05-31,TIC_JAPAN,1197.1
2015-06-30,TIC_JAPAN,1200.8
2015-07-31,TIC_JAPAN,1197.0
2015-08-31,TIC_JAPAN,1177.1
2015-09-30,TIC_JAPAN,1149.2
2015-10-31,TIC_JAPAN,1144.9
2015-11-30,TIC_JAPAN,1122.4
2016-01-31,TIC_JAPAN,1133.2
2016-02-29,TIC_JAPAN,1137.1
2016-03-31,TIC_JAPAN,1142.8
2016-04-30,TIC_JAPAN,1133.2
2016-05-31,TIC_JAPAN,1147.1
2016-06-30,TIC_JAPAN,1154.6
2016-07-31,TIC_JAPAN,1144.0
2016-08-31,TIC_JAPAN,1136.4
2016-09-30,TIC_JAPAN,1131.9
2016-10-31,TIC_JAPAN,1108.6
2016-11-30,TIC_JAPAN,1090.8
2017-01-31,TIC_JAPAN,1115.7
2017-02-28,TIC_JAPAN,1120.7
2017-03-31,TIC_JAPAN,1106.9
2017-04-30,TIC_JAPAN,1111.5
2017-05-31,TIC_JAPAN,1090.3
2017-06-30,TIC_JAPAN,1113.3
2017-07-31,TIC_JAPAN,1101.7
2017-08-31,TIC_JAPAN,1096.0
2017-09-30,TIC_JAPAN,1094.0
2017-10-31,TIC_JAPAN,1084.1
2017-11-30,TIC_JAPAN,1061.6
2018-01-31,TIC_JAPAN,1060.1
2018-02-28,TIC_JAPAN,1044.4
2018-03-31,TIC_JAPAN,1031.8
2018-04-30,TIC_JAPAN,1048.9
2018-05-31,TIC_JAPAN,1032.5
2018-06-30,TIC_JAPAN,1035.5
2018-07-31,TIC_JAPAN,1029.9
2018-08-31,TIC_JAPAN,1028.0
2018-09-30,TIC_JAPAN,1018.5
2018-10-31,TIC_JAPAN,1036.6
2018-11-30,TIC_JAPAN,1039.7
2019-01-31,TIC_JAPAN,1068.8
2019-02-28,TIC_JAPAN,1078.1
2019-03-31,TIC_JAPAN,1064.0
2019-04-30,TIC_JAPAN,1101.0
2019-05-31,TIC_JAPAN,1122.8
2019-06-30,TIC_JAPAN,1131.2
2019-07-31,TIC_JAPAN,1174.6
2019-08-31,TIC_JAPAN,1146.2
2019-09-30,TIC_JAPAN,1168.5
2019-10-31,TIC_JAPAN,1160.6
2019-11-30,TIC_JAPAN,1155.2
2020-01-31,TIC_JAPAN,1268.6
2020-02-29,TIC_JAPAN,1272.6
2020-03-31,TIC_JAPAN,1266.5
2020-04-30,TIC_JAPAN,1260.4
2020-05-31,TIC_JAPAN,1261.6
2020-06-30,TIC_JAPAN,1293.0
2020-07-31,TIC_JAPAN,1278.4
2020-08-31,TIC_JAPAN,1276.2
2020-09-30,TIC_JAPAN,1273.1
2020-10-31,TIC_JAPAN,1260.8
2020-11-30,TIC_JAPAN,1251.3
2021-01-31,TIC_JAPAN,1258.0
2021-02-28,TIC_JAPAN,1240.5
2021-03-31,TIC_JAPAN,1276.8
2021-04-30,TIC_JAPAN,1266.2
2021-05-31,TIC_JAPAN,1279.7
2021-06-30,TIC_JAPAN,1310.2
2021-07-31,TIC_JAPAN,1319.7
2021-08-31,TIC_JAPAN,1299.6
2021-09-30,TIC_JAPAN,1320.4
2021-10-31,TIC_JAPAN,1325.5
2021-11-30,TIC_JAPAN,1300.8
2022-01-31,TIC_JAPAN,1303.0
2022-02-28,TIC_JAPAN,1229.0
2022-03-31,TIC_JAPAN,1215.0
2022-04-30,TIC_JAPAN,1219.9
2022-05-31,TIC_JAPAN,1232.7
2022-06-30,TIC_JAPAN,1230.7
2022-07-31,TIC_JAPAN,1196.0
2022-08-31,TIC_JAPAN,1116.4
2022-09-30,TIC_JAPAN,1064.4
2022-10-31,TIC_JAPAN,1081.8
2022-11-30,TIC_JAPAN,1075.1
2023-01-31,TIC_JAPAN,1080.7
2023-02-28,TIC_JAPAN,1086.6
2023-03-31,TIC_JAPAN,1125.8
2023-04-30,TIC_JAPAN,1096.1
2023-05-31,TIC_JAPAN,1104.1
2023-06-30,TIC_JAPAN,1111.8
2023-07-31,TIC_JAPAN,1115.5
2023-08-31,TIC_JAPAN,1086.4
2023-09-30,TIC_JAPAN,1098.2
2023-10-31,TIC_JAPAN,1127.5
2023-11-30,TIC_JAPAN,1115.3
2024-01-31,TIC_JAPAN,1147.6
2024-02-29,TIC_JAPAN,1167.0
2024-03-31,TIC_JAPAN,1126.1
2024-04-30,TIC_JAPAN,1106.0
2024-05-31,TIC_JAPAN,1091.4
2024-06-30,TIC_JAPAN,1093.5
2024-07-31,TIC_JAPAN,1106.0
2024-08-31,TIC_JAPAN,1095.5
2024-09-30,TIC_JAPAN,1101.5
2024-10-31,TIC_JAPAN,1087.1
2024-11-30,TIC_JAPAN,1061.5
2025-01-31,TIC_JAPAN,1125.9
2025-02-28,TIC_JAPAN,1125.9
2025-03-31,TIC_JAPAN,1130.8
2025-04-30,TIC_JAPAN,1134.5
2025-05-31,TIC_JAPAN,1135.0
2025-06-30,TIC_JAPAN,1147.9
2025-07-31,TIC_JAPAN,1151.8
2025-08-31,TIC_JAPAN,1180.4
2025-09-30,TIC_JAPAN,1189.3
2025-10-31,TIC_JAPAN,1200.0
2025-11-30,TIC_JAPAN,1202.7
2025-12-31,TIC_JAPAN,1185.5
2026-01-31,TIC_JAPAN,1225.3
2026-02-28,TIC_JAPAN,1239.3
2000-03-31,TIC_OFFICIAL,635.6
2000-04-30,TIC_OFFICIAL,624.7
2000-05-31,TIC_OFFICIAL,631.6
2000-06-30,TIC_OFFICIAL,633.3
2000-07-31,TIC_OFFICIAL,633.5
2000-08-31,TIC_OFFICIAL,622.6
2000-09-30,TIC_OFFICIAL,615.1
2000-10-31,TIC_OFFICIAL,610.1
2000-11-30,TIC_OFFICIAL,609.2
2001-01-31,TIC_OFFICIAL,614.3
2001-02-28,TIC_OFFICIAL,614.2
2001-03-31,TIC_OFFICIAL,594.1
2001-04-30,TIC_OFFICIAL,588.8
2001-05-31,TIC_OFFICIAL,586.9
2001-06-30,TIC_OFFICIAL,590.0
2001-07-31,TIC_OFFICIAL,601.7
2001-08-31,TIC_OFFICIAL,602.7
2001-09-30,TIC_OFFICIAL,611.6
2001-10-31,TIC_OFFICIAL,624.2
2001-11-30,TIC_OFFICIAL,619.4
2002-01-31,TIC_OFFICIAL,612.2
2002-02-28,TIC_OFFICIAL,614.7
2002-03-31,TIC_OFFICIAL,607.6
2002-04-30,TIC_OFFICIAL,614.2
2002-05-31,TIC_OFFICIAL,630.4
2002-06-30,TIC_OFFICIAL,735.8
2002-07-31,TIC_OFFICIAL,744.0
2002-08-31,TIC_OFFICIAL,736.5
2002-09-30,TIC_OFFICIAL,739.8
2002-10-31,TIC_OFFICIAL,753.8
2002-11-30,TIC_OFFICIAL,760.1
2003-01-31,TIC_OFFICIAL,774.0
2003-02-28,TIC_OFFICIAL,783.6
2003-03-31,TIC_OFFICIAL,777.0
2003-04-30,TIC_OFFICIAL,799.8
2003-05-31,TIC_OFFICIAL,815.7
2003-06-30,TIC_OFFICIAL,864.2
2003-07-31,TIC_OFFICIAL,876.0
2003-08-31,TIC_OFFICIAL,878.9
2003-09-30,TIC_OFFICIAL,902.5
2003-10-31,TIC_OFFICIAL,928.9
2003-11-30,TIC_OFFICIAL,933.9
2004-01-31,TIC_OFFICIAL,991.1
2004-02-29,TIC_OFFICIAL,1031.0
2004-03-31,TIC_OFFICIAL,1046.6
2004-04-30,TIC_OFFICIAL,1062.8
2004-05-31,TIC_OFFICIAL,1094.9
2004-06-30,TIC_OFFICIAL,1160.9
2004-07-31,TIC_OFFICIAL,1187.8
2004-08-31,TIC_OFFICIAL,1204.9
2004-09-30,TIC_OFFICIAL,1220.4
2004-10-31,TIC_OFFICIAL,1238.0
2004-11-30,TIC_OFFICIAL,1233.3
2005-01-31,TIC_OFFICIAL,1243.2
2005-02-28,TIC_OFFICIAL,1229.6
2005-03-31,TIC_OFFICIAL,1237.0
2005-04-30,TIC_OFFICIAL,1243.8
2005-05-31,TIC_OFFICIAL,1236.6
2005-06-30,TIC_OFFICIAL,1283.8
2005-07-31,TIC_OFFICIAL,1293.0
2005-08-31,TIC_OFFICIAL,1281.9
2005-09-30,TIC_OFFICIAL,1292.3
2005-10-31,TIC_OFFICIAL,1312.3
2005-11-30,TIC_OFFICIAL,1305.1
2006-01-31,TIC_OFFICIAL,1339.3
2006-02-28,TIC_OFFICIAL,1331.9
2006-03-31,TIC_OFFICIAL,1326.3
2006-04-30,TIC_OFFICIAL,1311.6
2006-05-31,TIC_OFFICIAL,1298.5
2006-06-30,TIC_OFFICIAL,1397.7
2006-07-31,TIC_OFFICIAL,1429.1
2006-08-31,TIC_OFFICIAL,1426.2
2006-09-30,TIC_OFFICIAL,1443.7
2006-10-31,TIC_OFFICIAL,1452.4
2006-11-30,TIC_OFFICIAL,1449.2
2007-01-31,TIC_OFFICIAL,1451.5
2007-02-28,TIC_OFFICIAL,1466.2
2007-03-31,TIC_OFFICIAL,1458.5
2007-04-30,TIC_OFFICIAL,1448.5
2007-05-31,TIC_OFFICIAL,1443.2
2007-06-30,TIC_OFFICIAL,1612.7
2007-07-31,TIC_OFFICIAL,1595.5
2007-08-31,TIC_OFFICIAL,1609.3
2007-09-30,TIC_OFFICIAL,1616.3
2007-10-31,TIC_OFFICIAL,1621.4
2007-11-30,TIC_OFFICIAL,1643.2
2008-01-31,TIC_OFFICIAL,1682.3
2008-02-29,TIC_OFFICIAL,1707.3
2008-03-31,TIC_OFFICIAL,1743.3
2008-04-30,TIC_OFFICIAL,1743.9
2008-05-31,TIC_OFFICIAL,1751.7
2008-06-30,TIC_OFFICIAL,1910.9
2008-07-31,TIC_OFFICIAL,1944.8
2008-08-31,TIC_OFFICIAL,1981.0
2008-09-30,TIC_OFFICIAL,2063.3
2008-10-31,TIC_OFFICIAL,2103.7
2008-11-30,TIC_OFFICIAL,2138.3
2009-01-31,TIC_OFFICIAL,2197.7
2009-02-28,TIC_OFFICIAL,2248.2
2009-03-31,TIC_OFFICIAL,2253.2
2009-04-30,TIC_OFFICIAL,2287.1
2009-05-31,TIC_OFFICIAL,2295.3
2009-06-30,TIC_OFFICIAL,2625.5
2009-07-31,TIC_OFFICIAL,2689.8
2009-08-31,TIC_OFFICIAL,2694.6
2009-09-30,TIC_OFFICIAL,2710.4
2009-10-31,TIC_OFFICIAL,2728.6
2009-11-30,TIC_OFFICIAL,2700.1
2010-01-31,TIC_OFFICIAL,2670.3
2010-02-28,TIC_OFFICIAL,2703.3
2010-03-31,TIC_OFFICIAL,2715.2
2010-04-30,TIC_OFFICIAL,2689.8
2010-05-31,TIC_OFFICIAL,2688.7
2010-06-30,TIC_OFFICIAL,3071.4
2010-07-31,TIC_OFFICIAL,3151.5
2010-08-31,TIC_OFFICIAL,3201.7
2010-09-30,TIC_OFFICIAL,3227.9
2010-10-31,TIC_OFFICIAL,3212.4
2010-11-30,TIC_OFFICIAL,3189.3
2011-01-31,TIC_OFFICIAL,3193.3
2011-02-28,TIC_OFFICIAL,3183.3
2011-03-31,TIC_OFFICIAL,3219.6
2011-04-30,TIC_OFFICIAL,3242.8
2011-05-31,TIC_OFFICIAL,3242.0
2011-06-30,TIC_OFFICIAL,3514.6
2011-07-31,TIC_OFFICIAL,3517.2
2011-08-31,TIC_OFFICIAL,3619.5
2011-09-30,TIC_OFFICIAL,3600.7
2011-10-31,TIC_OFFICIAL,3628.5
2011-11-30,TIC_OFFICIAL,3620.6
2012-01-31,TIC_OFFICIAL,3712.9
2012-02-29,TIC_OFFICIAL,3722.6
2012-03-31,TIC_OFFICIAL,3783.4
2012-04-30,TIC_OFFICIAL,3828.6
2012-05-31,TIC_OFFICIAL,3857.9
2012-06-30,TIC_OFFICIAL,3917.4
2012-07-31,TIC_OFFICIAL,3957.1
2012-08-31,TIC_OFFICIAL,3958.1
2012-09-30,TIC_OFFICIAL,3984.3
2012-10-31,TIC_OFFICIAL,4009.0
2012-11-30,TIC_OFFICIAL,4032.8
2013-01-31,TIC_OFFICIAL,4100.4
2013-02-28,TIC_OFFICIAL,4093.8
2013-03-31,TIC_OFFICIAL,4080.0
2013-04-30,TIC_OFFICIAL,4075.9
2013-05-31,TIC_OFFICIAL,4012.2
2013-06-30,TIC_OFFICIAL,3996.1
2013-07-31,TIC_OFFICIAL,3974.5
2013-08-31,TIC_OFFICIAL,4015.4
2013-09-30,TIC_OFFICIAL,4052.3
2013-10-31,TIC_OFFICIAL,4074.2
2013-11-30,TIC_OFFICIAL,4054.6
2014-01-31,TIC_OFFICIAL,4069.3
2014-02-28,TIC_OFFICIAL,4053.8
2014-03-31,TIC_OFFICIAL,4067.5
2014-04-30,TIC_OFFICIAL,4092.2
2014-05-31,TIC_OFFICIAL,4108.2
2014-06-30,TIC_OFFICIAL,4117.6
2014-07-31,TIC_OFFICIAL,4163.6
2014-08-31,TIC_OFFICIAL,4148.0
2014-09-30,TIC_OFFICIAL,4132.9
2014-10-31,TIC_OFFICIAL,4142.6
2014-11-30,TIC_OFFICIAL,4122.6
2015-01-31,TIC_OFFICIAL,4097.4
2015-02-28,TIC_OFFICIAL,4138.6
2015-03-31,TIC_OFFICIAL,4144.9
2015-04-30,TIC_OFFICIAL,4173.3
2015-05-31,TIC_OFFICIAL,4176.8
2015-06-30,TIC_OFFICIAL,4171.6
2015-07-31,TIC_OFFICIAL,4175.9
2015-08-31,TIC_OFFICIAL,4145.6
2015-09-30,TIC_OFFICIAL,4097.2
2015-10-31,TIC_OFFICIAL,4114.6
2015-11-30,TIC_OFFICIAL,4091.6
2016-01-31,TIC_OFFICIAL,4079.8
2016-02-29,TIC_OFFICIAL,4069.2
2016-03-31,TIC_OFFICIAL,4043.9
2016-04-30,TIC_OFFICIAL,4022.2
2016-05-31,TIC_OFFICIAL,4034.7
2016-06-30,TIC_OFFICIAL,4008.3
2016-07-31,TIC_OFFICIAL,3946.4
2016-08-31,TIC_OFFICIAL,3899.4
2016-09-30,TIC_OFFICIAL,3839.2
2016-10-31,TIC_OFFICIAL,3768.2
2016-11-30,TIC_OFFICIAL,3813.4
2017-01-31,TIC_OFFICIAL,3815.3
2017-02-28,TIC_OFFICIAL,3880.1
2017-03-31,TIC_OFFICIAL,3911.7
2017-04-30,TIC_OFFICIAL,3935.3
2017-05-31,TIC_OFFICIAL,3994.4
2017-06-30,TIC_OFFICIAL,4034.5
2017-07-31,TIC_OFFICIAL,4051.7
2017-08-31,TIC_OFFICIAL,4070.4
2017-09-30,TIC_OFFICIAL,4079.1
2017-10-31,TIC_OFFICIAL,4054.7
2017-11-30,TIC_OFFICIAL,4024.0
2018-01-31,TIC_OFFICIAL,4031.0
2018-02-28,TIC_OFFICIAL,4051.7
2018-03-31,TIC_OFFICIAL,4006.2
2018-04-30,TIC_OFFICIAL,3990.9
2018-05-31,TIC_OFFICIAL,3988.6
2018-06-30,TIC_OFFICIAL,4007.8
2018-07-31,TIC_OFFICIAL,4021.1
2018-08-31,TIC_OFFICIAL,4010.1
2018-09-30,TIC_OFFICIAL,3947.1
2018-10-31,TIC_OFFICIAL,3901.2
2018-11-30,TIC_OFFICIAL,3956.8
2019-01-31,TIC_OFFICIAL,4029.7
2019-02-28,TIC_OFFICIAL,4080.9
2019-03-31,TIC_OFFICIAL,4070.9
2019-04-30,TIC_OFFICIAL,4112.1
2019-05-31,TIC_OFFICIAL,4146.1
2019-06-30,TIC_OFFICIAL,4139.3
2019-07-31,TIC_OFFICIAL,4200.2
2019-08-31,TIC_OFFICIAL,4150.9
2019-09-30,TIC_OFFICIAL,4122.9
2019-10-31,TIC_OFFICIAL,4101.2
2019-11-30,TIC_OFFICIAL,4076.9
2020-01-31,TIC_OFFICIAL,4264.9
2020-02-29,TIC_OFFICIAL,4117.9
2020-03-31,TIC_OFFICIAL,4047.4
2020-04-30,TIC_OFFICIAL,4105.9
2020-05-31,TIC_OFFICIAL,4147.1
2020-06-30,TIC_OFFICIAL,4191.2
2020-07-31,TIC_OFFICIAL,4199.3
2020-08-31,TIC_OFFICIAL,4198.9
2020-09-30,TIC_OFFICIAL,4166.8
2020-10-31,TIC_OFFICIAL,4176.2
2020-11-30,TIC_OFFICIAL,4186.5
2021-01-31,TIC_OFFICIAL,4235.3
2021-02-28,TIC_OFFICIAL,4202.1
2021-03-31,TIC_OFFICIAL,4201.5
2021-04-30,TIC_OFFICIAL,4226.0
2021-05-31,TIC_OFFICIAL,4215.9
2021-06-30,TIC_OFFICIAL,4254.1
2021-07-31,TIC_OFFICIAL,4216.3
2021-08-31,TIC_OFFICIAL,4207.9
2021-09-30,TIC_OFFICIAL,4179.4
2021-10-31,TIC_OFFICIAL,4161.0
2021-11-30,TIC_OFFICIAL,4117.7
2022-01-31,TIC_OFFICIAL,4124.4
2022-02-28,TIC_OFFICIAL,4025.3
2022-03-31,TIC_OFFICIAL,3907.5
2022-04-30,TIC_OFFICIAL,3866.3
2022-05-31,TIC_OFFICIAL,3855.3
2022-06-30,TIC_OFFICIAL,3895.0
2022-07-31,TIC_OFFICIAL,3876.9
2022-08-31,TIC_OFFICIAL,3713.7
2022-09-30,TIC_OFFICIAL,3614.0
2022-10-31,TIC_OFFICIAL,3662.0
2022-11-30,TIC_OFFICIAL,3667.4
2023-01-31,TIC_OFFICIAL,3692.7
2023-02-28,TIC_OFFICIAL,3769.9
2023-03-31,TIC_OFFICIAL,3789.7
2023-04-30,TIC_OFFICIAL,3782.7
2023-05-31,TIC_OFFICIAL,3769.2
2023-06-30,TIC_OFFICIAL,3758.8
2023-07-31,TIC_OFFICIAL,3738.2
2023-08-31,TIC_OFFICIAL,3691.0
2023-09-30,TIC_OFFICIAL,3640.4
2023-10-31,TIC_OFFICIAL,3684.1
2023-11-30,TIC_OFFICIAL,3796.4
2024-01-31,TIC_OFFICIAL,3767.6
2024-02-29,TIC_OFFICIAL,3816.9
2024-03-31,TIC_OFFICIAL,3787.2
2024-04-30,TIC_OFFICIAL,3797.7
2024-05-31,TIC_OFFICIAL,3831.0
2024-06-30,TIC_OFFICIAL,3846.4
2024-07-31,TIC_OFFICIAL,3876.4
2024-08-31,TIC_OFFICIAL,3914.1
2024-09-30,TIC_OFFICIAL,3856.3
2024-10-31,TIC_OFFICIAL,3861.9
2024-11-30,TIC_OFFICIAL,3792.5
2025-01-31,TIC_OFFICIAL,3910.1
2025-02-28,TIC_OFFICIAL,3910.1
2025-03-31,TIC_OFFICIAL,3935.6
2025-04-30,TIC_OFFICIAL,3919.9
2025-05-31,TIC_OFFICIAL,3886.1
2025-06-30,TIC_OFFICIAL,3901.9
2025-07-31,TIC_OFFICIAL,3895.0
2025-08-31,TIC_OFFICIAL,3928.7
2025-09-30,TIC_OFFICIAL,3882.4
2025-10-31,TIC_OFFICIAL,3875.8
2025-11-30,TIC_OFFICIAL,3921.6
2025-12-31,TIC_OFFICIAL,3887.0
2026-01-31,TIC_OFFICIAL,3954.8
2026-02-28,TIC_OFFICIAL,4035.7
2000-03-31,TIC_OFFICIAL_BILLS,164.8
2000-04-30,TIC_OFFICIAL_BILLS,148.8
2000-05-31,TIC_OFFICIAL_BILLS,157.2
2000-06-30,TIC_OFFICIAL_BILLS,160.1
2000-07-31,TIC_OFFICIAL_BILLS,159.8
2000-08-31,TIC_OFFICIAL_BILLS,155.5
2000-09-30,TIC_OFFICIAL_BILLS,155.1
2000-10-31,TIC_OFFICIAL_BILLS,155.1
2000-11-30,TIC_OFFICIAL_BILLS,153.0
2001-01-31,TIC_OFFICIAL_BILLS,155.7
2001-02-28,TIC_OFFICIAL_BILLS,155.2
2001-03-31,TIC_OFFICIAL_BILLS,144.2
2001-04-30,TIC_OFFICIAL_BILLS,137.9
2001-05-31,TIC_OFFICIAL_BILLS,139.2
2001-06-30,TIC_OFFICIAL_BILLS,143.3
2001-07-31,TIC_OFFICIAL_BILLS,154.7
2001-08-31,TIC_OFFICIAL_BILLS,153.9
2001-09-30,TIC_OFFICIAL_BILLS,161.1
2001-10-31,TIC_OFFICIAL_BILLS,167.6
2001-11-30,TIC_OFFICIAL_BILLS,161.7
2002-01-31,TIC_OFFICIAL_BILLS,163.6
2002-02-28,TIC_OFFICIAL_BILLS,160.9
2002-03-31,TIC_OFFICIAL_BILLS,155.3
2002-04-30,TIC_OFFICIAL_BILLS,162.0
2002-05-31,TIC_OFFICIAL_BILLS,176.2
2002-06-30,TIC_OFFICIAL_BILLS,176.2
2002-07-31,TIC_OFFICIAL_BILLS,189.0
2002-08-31,TIC_OFFICIAL_BILLS,185.2
2002-09-30,TIC_OFFICIAL_BILLS,188.4
2002-10-31,TIC_OFFICIAL_BILLS,190.1
2002-11-30,TIC_OFFICIAL_BILLS,190.4
2003-01-31,TIC_OFFICIAL_BILLS,197.6
2003-02-28,TIC_OFFICIAL_BILLS,207.3
2003-03-31,TIC_OFFICIAL_BILLS,201.7
2003-04-30,TIC_OFFICIAL_BILLS,211.1
2003-05-31,TIC_OFFICIAL_BILLS,211.0
2003-06-30,TIC_OFFICIAL_BILLS,211.0
2003-07-31,TIC_OFFICIAL_BILLS,215.6
2003-08-31,TIC_OFFICIAL_BILLS,207.9
2003-09-30,TIC_OFFICIAL_BILLS,207.9
2003-10-31,TIC_OFFICIAL_BILLS,215.6
2003-11-30,TIC_OFFICIAL_BILLS,212.0
2004-01-31,TIC_OFFICIAL_BILLS,225.6
2004-02-29,TIC_OFFICIAL_BILLS,231.9
2004-03-31,TIC_OFFICIAL_BILLS,224.9
2004-04-30,TIC_OFFICIAL_BILLS,233.1
2004-05-31,TIC_OFFICIAL_BILLS,248.9
2004-06-30,TIC_OFFICIAL_BILLS,248.9
2004-07-31,TIC_OFFICIAL_BILLS,254.3
2004-08-31,TIC_OFFICIAL_BILLS,260.5
2004-09-30,TIC_OFFICIAL_BILLS,260.4
2004-10-31,TIC_OFFICIAL_BILLS,256.9
2004-11-30,TIC_OFFICIAL_BILLS,245.2
2005-01-31,TIC_OFFICIAL_BILLS,235.2
2005-02-28,TIC_OFFICIAL_BILLS,235.8
2005-03-31,TIC_OFFICIAL_BILLS,230.1
2005-04-30,TIC_OFFICIAL_BILLS,229.0
2005-05-31,TIC_OFFICIAL_BILLS,204.9
2005-06-30,TIC_OFFICIAL_BILLS,204.9
2005-07-31,TIC_OFFICIAL_BILLS,205.4
2005-08-31,TIC_OFFICIAL_BILLS,195.4
2005-09-30,TIC_OFFICIAL_BILLS,199.8
2005-10-31,TIC_OFFICIAL_BILLS,214.9
2005-11-30,TIC_OFFICIAL_BILLS,201.9
2006-01-31,TIC_OFFICIAL_BILLS,215.5
2006-02-28,TIC_OFFICIAL_BILLS,215.1
2006-03-31,TIC_OFFICIAL_BILLS,197.1
2006-04-30,TIC_OFFICIAL_BILLS,194.9
2006-05-31,TIC_OFFICIAL_BILLS,184.8
2006-06-30,TIC_OFFICIAL_BILLS,184.8
2006-07-31,TIC_OFFICIAL_BILLS,190.1
2006-08-31,TIC_OFFICIAL_BILLS,179.6
2006-09-30,TIC_OFFICIAL_BILLS,178.6
2006-10-31,TIC_OFFICIAL_BILLS,186.3
2006-11-30,TIC_OFFICIAL_BILLS,177.0
2007-01-31,TIC_OFFICIAL_BILLS,182.0
2007-02-28,TIC_OFFICIAL_BILLS,195.3
2007-03-31,TIC_OFFICIAL_BILLS,178.2
2007-04-30,TIC_OFFICIAL_BILLS,172.8
2007-05-31,TIC_OFFICIAL_BILLS,161.1
2007-06-30,TIC_OFFICIAL_BILLS,161.1
2007-07-31,TIC_OFFICIAL_BILLS,180.4
2007-08-31,TIC_OFFICIAL_BILLS,179.9
2007-09-30,TIC_OFFICIAL_BILLS,182.9
2007-10-31,TIC_OFFICIAL_BILLS,187.6
2007-11-30,TIC_OFFICIAL_BILLS,198.4
2008-01-31,TIC_OFFICIAL_BILLS,205.0
2008-02-29,TIC_OFFICIAL_BILLS,201.9
2008-03-31,TIC_OFFICIAL_BILLS,215.7
2008-04-30,TIC_OFFICIAL_BILLS,219.9
2008-05-31,TIC_OFFICIAL_BILLS,226.6
2008-06-30,TIC_OFFICIAL_BILLS,226.6
2008-07-31,TIC_OFFICIAL_BILLS,245.6
2008-08-31,TIC_OFFICIAL_BILLS,276.8
2008-09-30,TIC_OFFICIAL_BILLS,360.6
2008-10-31,TIC_OFFICIAL_BILLS,427.2
2008-11-30,TIC_OFFICIAL_BILLS,457.9
2009-01-31,TIC_OFFICIAL_BILLS,521.2
2009-02-28,TIC_OFFICIAL_BILLS,542.7
2009-03-31,TIC_OFFICIAL_BILLS,530.6
2009-04-30,TIC_OFFICIAL_BILLS,586.2
2009-05-31,TIC_OFFICIAL_BILLS,571.9
2009-06-30,TIC_OFFICIAL_BILLS,571.9
2009-07-31,TIC_OFFICIAL_BILLS,607.3
2009-08-31,TIC_OFFICIAL_BILLS,593.1
2009-09-30,TIC_OFFICIAL_BILLS,593.8
2009-10-31,TIC_OFFICIAL_BILLS,580.9
2009-11-30,TIC_OFFICIAL_BILLS,528.1
2010-01-31,TIC_OFFICIAL_BILLS,496.5
2010-02-28,TIC_OFFICIAL_BILLS,501.3
2010-03-31,TIC_OFFICIAL_BILLS,498.5
2010-04-30,TIC_OFFICIAL_BILLS,466.9
2010-05-31,TIC_OFFICIAL_BILLS,454.4
2010-06-30,TIC_OFFICIAL_BILLS,454.4
2010-07-31,TIC_OFFICIAL_BILLS,495.6
2010-08-31,TIC_OFFICIAL_BILLS,504.4
2010-09-30,TIC_OFFICIAL_BILLS,531.3
2010-10-31,TIC_OFFICIAL_BILLS,499.2
2010-11-30,TIC_OFFICIAL_BILLS,462.3
2011-01-31,TIC_OFFICIAL_BILLS,432.4
2011-02-28,TIC_OFFICIAL_BILLS,414.9
2011-03-31,TIC_OFFICIAL_BILLS,421.7
2011-04-30,TIC_OFFICIAL_BILLS,423.2
2011-05-31,TIC_OFFICIAL_BILLS,411.1
2011-06-30,TIC_OFFICIAL_BILLS,411.1
2011-07-31,TIC_OFFICIAL_BILLS,409.2
2011-08-31,TIC_OFFICIAL_BILLS,387.3
2011-09-30,TIC_OFFICIAL_BILLS,374.5
2011-10-31,TIC_OFFICIAL_BILLS,378.7
2011-11-30,TIC_OFFICIAL_BILLS,357.2
2012-01-31,TIC_OFFICIAL_BILLS,362.5
2012-02-29,TIC_OFFICIAL_BILLS,358.2
2012-03-31,TIC_OFFICIAL_BILLS,347.9
2012-04-30,TIC_OFFICIAL_BILLS,362.1
2012-05-31,TIC_OFFICIAL_BILLS,364.5
2012-06-30,TIC_OFFICIAL_BILLS,356.9
2012-07-31,TIC_OFFICIAL_BILLS,373.0
2012-08-31,TIC_OFFICIAL_BILLS,383.8
2012-09-30,TIC_OFFICIAL_BILLS,379.4
2012-10-31,TIC_OFFICIAL_BILLS,383.5
2012-11-30,TIC_OFFICIAL_BILLS,372.7
2013-01-31,TIC_OFFICIAL_BILLS,385.6
2013-02-28,TIC_OFFICIAL_BILLS,404.0
2013-03-31,TIC_OFFICIAL_BILLS,399.2
2013-04-30,TIC_OFFICIAL_BILLS,379.8
2013-05-31,TIC_OFFICIAL_BILLS,362.7
2013-06-30,TIC_OFFICIAL_BILLS,363.0
2013-07-31,TIC_OFFICIAL_BILLS,373.2
2013-08-31,TIC_OFFICIAL_BILLS,370.6
2013-09-30,TIC_OFFICIAL_BILLS,378.6
2013-10-31,TIC_OFFICIAL_BILLS,384.2
2013-11-30,TIC_OFFICIAL_BILLS,398.4
2014-01-31,TIC_OFFICIAL_BILLS,388.5
2014-02-28,TIC_OFFICIAL_BILLS,383.8
2014-03-31,TIC_OFFICIAL_BILLS,364.4
2014-04-30,TIC_OFFICIAL_BILLS,361.2
2014-05-31,TIC_OFFICIAL_BILLS,341.0
2014-06-30,TIC_OFFICIAL_BILLS,332.7
2014-07-31,TIC_OFFICIAL_BILLS,338.6
2014-08-31,TIC_OFFICIAL_BILLS,325.4
2014-09-30,TIC_OFFICIAL_BILLS,337.1
2014-10-31,TIC_OFFICIAL_BILLS,342.0
2014-11-30,TIC_OFFICIAL_BILLS,335.3
2015-01-31,TIC_OFFICIAL_BILLS,351.4
2015-02-28,TIC_OFFICIAL_BILLS,364.5
2015-03-31,TIC_OFFICIAL_BILLS,367.6
2015-04-30,TIC_OFFICIAL_BILLS,376.9
2015-05-31,TIC_OFFICIAL_BILLS,368.3
2015-06-30,TIC_OFFICIAL_BILLS,359.2
2015-07-31,TIC_OFFICIAL_BILLS,355.7
2015-08-31,TIC_OFFICIAL_BILLS,328.0
2015-09-30,TIC_OFFICIAL_BILLS,307.3
2015-10-31,TIC_OFFICIAL_BILLS,326.4
2015-11-30,TIC_OFFICIAL_BILLS,336.7
2016-01-31,TIC_OFFICIAL_BILLS,319.0
2016-02-29,TIC_OFFICIAL_BILLS,303.0
2016-03-31,TIC_OFFICIAL_BILLS,284.9
2016-04-30,TIC_OFFICIAL_BILLS,281.6
2016-05-31,TIC_OFFICIAL_BILLS,272.5
2016-06-30,TIC_OFFICIAL_BILLS,276.6
2016-07-31,TIC_OFFICIAL_BILLS,272.8
2016-08-31,TIC_OFFICIAL_BILLS,292.1
2016-09-30,TIC_OFFICIAL_BILLS,295.1
2016-10-31,TIC_OFFICIAL_BILLS,295.6
2016-11-30,TIC_OFFICIAL_BILLS,297.7
2017-01-31,TIC_OFFICIAL_BILLS,301.6
2017-02-28,TIC_OFFICIAL_BILLS,317.9
2017-03-31,TIC_OFFICIAL_BILLS,326.6
2017-04-30,TIC_OFFICIAL_BILLS,329.4
2017-05-31,TIC_OFFICIAL_BILLS,329.9
2017-06-30,TIC_OFFICIAL_BILLS,330.6
2017-07-31,TIC_OFFICIAL_BILLS,324.1
2017-08-31,TIC_OFFICIAL_BILLS,325.2
2017-09-30,TIC_OFFICIAL_BILLS,332.2
2017-10-31,TIC_OFFICIAL_BILLS,339.6
2017-11-30,TIC_OFFICIAL_BILLS,317.2
2018-01-31,TIC_OFFICIAL_BILLS,333.9
2018-02-28,TIC_OFFICIAL_BILLS,318.6
2018-03-31,TIC_OFFICIAL_BILLS,323.2
2018-04-30,TIC_OFFICIAL_BILLS,346.3
2018-05-31,TIC_OFFICIAL_BILLS,336.3
2018-06-30,TIC_OFFICIAL_BILLS,339.6
2018-07-31,TIC_OFFICIAL_BILLS,329.3
2018-08-31,TIC_OFFICIAL_BILLS,316.7
2018-09-30,TIC_OFFICIAL_BILLS,306.6
2018-10-31,TIC_OFFICIAL_BILLS,311.8
2018-11-30,TIC_OFFICIAL_BILLS,315.1
2019-01-31,TIC_OFFICIAL_BILLS,319.1
2019-02-28,TIC_OFFICIAL_BILLS,318.5
2019-03-31,TIC_OFFICIAL_BILLS,307.8
2019-04-30,TIC_OFFICIAL_BILLS,298.0
2019-05-31,TIC_OFFICIAL_BILLS,287.3
2019-06-30,TIC_OFFICIAL_BILLS,285.8
2019-07-31,TIC_OFFICIAL_BILLS,295.2
2019-08-31,TIC_OFFICIAL_BILLS,290.8
2019-09-30,TIC_OFFICIAL_BILLS,288.1
2019-10-31,TIC_OFFICIAL_BILLS,273.6
2019-11-30,TIC_OFFICIAL_BILLS,268.6
2020-01-31,TIC_OFFICIAL_BILLS,306.1
2020-02-29,TIC_OFFICIAL_BILLS,283.2
2020-03-31,TIC_OFFICIAL_BILLS,331.0
2020-04-30,TIC_OFFICIAL_BILLS,355.7
2020-05-31,TIC_OFFICIAL_BILLS,382.3
2020-06-30,TIC_OFFICIAL_BILLS,393.6
2020-07-31,TIC_OFFICIAL_BILLS,385.0
2020-08-31,TIC_OFFICIAL_BILLS,371.5
2020-09-30,TIC_OFFICIAL_BILLS,375.4
2020-10-31,TIC_OFFICIAL_BILLS,370.8
2020-11-30,TIC_OFFICIAL_BILLS,361.0
2021-01-31,TIC_OFFICIAL_BILLS,406.2
2021-02-28,TIC_OFFICIAL_BILLS,360.6
2021-03-31,TIC_OFFICIAL_BILLS,320.2
2021-04-30,TIC_OFFICIAL_BILLS,296.1
2021-05-31,TIC_OFFICIAL_BILLS,269.5
2021-06-30,TIC_OFFICIAL_BILLS,276.4
2021-07-31,TIC_OFFICIAL_BILLS,258.0
2021-08-31,TIC_OFFICIAL_BILLS,255.4
2021-09-30,TIC_OFFICIAL_BILLS,247.7
2021-10-31,TIC_OFFICIAL_BILLS,239.5
2021-11-30,TIC_OFFICIAL_BILLS,247.6
2022-01-31,TIC_OFFICIAL_BILLS,278.3
2022-02-28,TIC_OFFICIAL_BILLS,259.7
2022-03-31,TIC_OFFICIAL_BILLS,256.6
2022-04-30,TIC_OFFICIAL_BILLS,248.6
2022-05-31,TIC_OFFICIAL_BILLS,238.3
2022-06-30,TIC_OFFICIAL_BILLS,234.0
2022-07-31,TIC_OFFICIAL_BILLS,230.5
2022-08-31,TIC_OFFICIAL_BILLS,220.0
2022-09-30,TIC_OFFICIAL_BILLS,203.8
2022-10-31,TIC_OFFICIAL_BILLS,217.2
2022-11-30,TIC_OFFICIAL_BILLS,238.7
2023-01-31,TIC_OFFICIAL_BILLS,256.9
2023-02-28,TIC_OFFICIAL_BILLS,252.3
2023-03-31,TIC_OFFICIAL_BILLS,231.3
2023-04-30,TIC_OFFICIAL_BILLS,234.4
2023-05-31,TIC_OFFICIAL_BILLS,220.4
2023-06-30,TIC_OFFICIAL_BILLS,236.6
2023-07-31,TIC_OFFICIAL_BILLS,237.8
2023-08-31,TIC_OFFICIAL_BILLS,234.5
2023-09-30,TIC_OFFICIAL_BILLS,234.8
2023-10-31,TIC_OFFICIAL_BILLS,246.0
2023-11-30,TIC_OFFICIAL_BILLS,250.0
2024-01-31,TIC_OFFICIAL_BILLS,266.3
2024-02-29,TIC_OFFICIAL_BILLS,267.0
2024-03-31,TIC_OFFICIAL_BILLS,262.7
2024-04-30,TIC_OFFICIAL_BILLS,254.8
2024-05-31,TIC_OFFICIAL_BILLS,268.5
2024-06-30,TIC_OFFICIAL_BILLS,271.9
2024-07-31,TIC_OFFICIAL_BILLS,307.2
2024-08-31,TIC_OFFICIAL_BILLS,318.3
2024-09-30,TIC_OFFICIAL_BILLS,312.0
2024-10-31,TIC_OFFICIAL_BILLS,304.6
2024-11-30,TIC_OFFICIAL_BILLS,306.9
2025-01-31,TIC_OFFICIAL_BILLS,435.0
2025-02-28,TIC_OFFICIAL_BILLS,435.0
2025-03-31,TIC_OFFICIAL_BILLS,419.8
2025-04-30,TIC_OFFICIAL_BILLS,413.9
2025-05-31,TIC_OFFICIAL_BILLS,397.6
2025-06-30,TIC_OFFICIAL_BILLS,402.6
2025-07-31,TIC_OFFICIAL_BILLS,409.6
2025-08-31,TIC_OFFICIAL_BILLS,411.3
2025-09-30,TIC_OFFICIAL_BILLS,371.3
2025-10-31,TIC_OFFICIAL_BILLS,386.2
2025-11-30,TIC_OFFICIAL_BILLS,385.6
2025-12-31,TIC_OFFICIAL_BILLS,388.5
2026-01-31,TIC_OFFICIAL_BILLS,407.7
2026-02-28,TIC_OFFICIAL_BILLS,475.5
2000-03-31,TIC_OFFICIAL_BONDS,470.8
2000-04-30,TIC_OFFICIAL_BONDS,475.9
2000-05-31,TIC_OFFICIAL_BONDS,474.4
2000-06-30,TIC_OFFICIAL_BONDS,473.2
2000-07-31,TIC_OFFICIAL_BONDS,473.7
2000-08-31,TIC_OFFICIAL_BONDS,467.1
2000-09-30,TIC_OFFICIAL_BONDS,460.0
2000-10-31,TIC_OFFICIAL_BONDS,455.1
2000-11-30,TIC_OFFICIAL_BONDS,456.2
2001-01-31,TIC_OFFICIAL_BONDS,458.7
2001-02-28,TIC_OFFICIAL_BONDS,459.0
2001-03-31,TIC_OFFICIAL_BONDS,449.9
2001-04-30,TIC_OFFICIAL_BONDS,450.9
2001-05-31,TIC_OFFICIAL_BONDS,447.7
2001-06-30,TIC_OFFICIAL_BONDS,446.7
2001-07-31,TIC_OFFICIAL_BONDS,447.0
2001-08-31,TIC_OFFICIAL_BONDS,448.8
2001-09-30,TIC_OFFICIAL_BONDS,450.5
2001-10-31,TIC_OFFICIAL_BONDS,456.6
2001-11-30,TIC_OFFICIAL_BONDS,457.7
2002-01-31,TIC_OFFICIAL_BONDS,448.6
2002-02-28,TIC_OFFICIAL_BONDS,453.8
2002-03-31,TIC_OFFICIAL_BONDS,452.2
2002-04-30,TIC_OFFICIAL_BONDS,452.2
2002-05-31,TIC_OFFICIAL_BONDS,454.2
2002-06-30,TIC_OFFICIAL_BONDS,559.6
2002-07-31,TIC_OFFICIAL_BONDS,555.0
2002-08-31,TIC_OFFICIAL_BONDS,551.3
2002-09-30,TIC_OFFICIAL_BONDS,551.4
2002-10-31,TIC_OFFICIAL_BONDS,563.7
2002-11-30,TIC_OFFICIAL_BONDS,569.7
2003-01-31,TIC_OFFICIAL_BONDS,576.4
2003-02-28,TIC_OFFICIAL_BONDS,576.3
2003-03-31,TIC_OFFICIAL_BONDS,575.3
2003-04-30,TIC_OFFICIAL_BONDS,588.7
2003-05-31,TIC_OFFICIAL_BONDS,604.6
2003-06-30,TIC_OFFICIAL_BONDS,653.2
2003-07-31,TIC_OFFICIAL_BONDS,660.3
2003-08-31,TIC_OFFICIAL_BONDS,671.0
2003-09-30,TIC_OFFICIAL_BONDS,694.6
2003-10-31,TIC_OFFICIAL_BONDS,713.3
2003-11-30,TIC_OFFICIAL_BONDS,721.9
2004-01-31,TIC_OFFICIAL_BONDS,765.5
2004-02-29,TIC_OFFICIAL_BONDS,799.1
2004-03-31,TIC_OFFICIAL_BONDS,821.8
2004-04-30,TIC_OFFICIAL_BONDS,829.7
2004-05-31,TIC_OFFICIAL_BONDS,846.0
2004-06-30,TIC_OFFICIAL_BONDS,912.0
2004-07-31,TIC_OFFICIAL_BONDS,933.5
2004-08-31,TIC_OFFICIAL_BONDS,944.4
2004-09-30,TIC_OFFICIAL_BONDS,960.0
2004-10-31,TIC_OFFICIAL_BONDS,981.1
2004-11-30,TIC_OFFICIAL_BONDS,988.1
2005-01-31,TIC_OFFICIAL_BONDS,1007.9
2005-02-28,TIC_OFFICIAL_BONDS,993.7
2005-03-31,TIC_OFFICIAL_BONDS,1006.9
2005-04-30,TIC_OFFICIAL_BONDS,1014.8
2005-05-31,TIC_OFFICIAL_BONDS,1031.7
2005-06-30,TIC_OFFICIAL_BONDS,1078.9
2005-07-31,TIC_OFFICIAL_BONDS,1087.6
2005-08-31,TIC_OFFICIAL_BONDS,1086.5
2005-09-30,TIC_OFFICIAL_BONDS,1092.5
2005-10-31,TIC_OFFICIAL_BONDS,1097.4
2005-11-30,TIC_OFFICIAL_BONDS,1103.3
2006-01-31,TIC_OFFICIAL_BONDS,1123.8
2006-02-28,TIC_OFFICIAL_BONDS,1116.8
2006-03-31,TIC_OFFICIAL_BONDS,1129.2
2006-04-30,TIC_OFFICIAL_BONDS,1116.7
2006-05-31,TIC_OFFICIAL_BONDS,1113.6
2006-06-30,TIC_OFFICIAL_BONDS,1212.8
2006-07-31,TIC_OFFICIAL_BONDS,1239.0
2006-08-31,TIC_OFFICIAL_BONDS,1246.6
2006-09-30,TIC_OFFICIAL_BONDS,1265.1
2006-10-31,TIC_OFFICIAL_BONDS,1266.1
2006-11-30,TIC_OFFICIAL_BONDS,1272.2
2007-01-31,TIC_OFFICIAL_BONDS,1269.5
2007-02-28,TIC_OFFICIAL_BONDS,1270.9
2007-03-31,TIC_OFFICIAL_BONDS,1280.3
2007-04-30,TIC_OFFICIAL_BONDS,1275.7
2007-05-31,TIC_OFFICIAL_BONDS,1282.1
2007-06-30,TIC_OFFICIAL_BONDS,1451.7
2007-07-31,TIC_OFFICIAL_BONDS,1415.1
2007-08-31,TIC_OFFICIAL_BONDS,1429.4
2007-09-30,TIC_OFFICIAL_BONDS,1433.4
2007-10-31,TIC_OFFICIAL_BONDS,1433.8
2007-11-30,TIC_OFFICIAL_BONDS,1444.8
2008-01-31,TIC_OFFICIAL_BONDS,1477.3
2008-02-29,TIC_OFFICIAL_BONDS,1505.3
2008-03-31,TIC_OFFICIAL_BONDS,1527.6
2008-04-30,TIC_OFFICIAL_BONDS,1523.9
2008-05-31,TIC_OFFICIAL_BONDS,1525.0
2008-06-30,TIC_OFFICIAL_BONDS,1684.3
2008-07-31,TIC_OFFICIAL_BONDS,1699.2
2008-08-31,TIC_OFFICIAL_BONDS,1704.2
2008-09-30,TIC_OFFICIAL_BONDS,1702.7
2008-10-31,TIC_OFFICIAL_BONDS,1676.5
2008-11-30,TIC_OFFICIAL_BONDS,1680.4
2009-01-31,TIC_OFFICIAL_BONDS,1676.5
2009-02-28,TIC_OFFICIAL_BONDS,1705.5
2009-03-31,TIC_OFFICIAL_BONDS,1722.7
2009-04-30,TIC_OFFICIAL_BONDS,1700.9
2009-05-31,TIC_OFFICIAL_BONDS,1723.4
2009-06-30,TIC_OFFICIAL_BONDS,2053.6
2009-07-31,TIC_OFFICIAL_BONDS,2082.5
2009-08-31,TIC_OFFICIAL_BONDS,2101.5
2009-09-30,TIC_OFFICIAL_BONDS,2116.5
2009-10-31,TIC_OFFICIAL_BONDS,2147.7
2009-11-30,TIC_OFFICIAL_BONDS,2172.0
2010-01-31,TIC_OFFICIAL_BONDS,2173.8
2010-02-28,TIC_OFFICIAL_BONDS,2202.0
2010-03-31,TIC_OFFICIAL_BONDS,2216.7
2010-04-30,TIC_OFFICIAL_BONDS,2222.9
2010-05-31,TIC_OFFICIAL_BONDS,2234.3
2010-06-30,TIC_OFFICIAL_BONDS,2617.0
2010-07-31,TIC_OFFICIAL_BONDS,2655.9
2010-08-31,TIC_OFFICIAL_BONDS,2697.3
2010-09-30,TIC_OFFICIAL_BONDS,2696.6
2010-10-31,TIC_OFFICIAL_BONDS,2713.2
2010-11-30,TIC_OFFICIAL_BONDS,2727.0
2011-01-31,TIC_OFFICIAL_BONDS,2760.9
2011-02-28,TIC_OFFICIAL_BONDS,2768.4
2011-03-31,TIC_OFFICIAL_BONDS,2798.0
2011-04-30,TIC_OFFICIAL_BONDS,2819.6
2011-05-31,TIC_OFFICIAL_BONDS,2830.9
2011-06-30,TIC_OFFICIAL_BONDS,3103.5
2011-07-31,TIC_OFFICIAL_BONDS,3108.0
2011-08-31,TIC_OFFICIAL_BONDS,3232.2
2011-09-30,TIC_OFFICIAL_BONDS,3226.2
2011-10-31,TIC_OFFICIAL_BONDS,3249.9
2011-11-30,TIC_OFFICIAL_BONDS,3263.4
2012-01-31,TIC_OFFICIAL_BONDS,3350.4
2012-02-29,TIC_OFFICIAL_BONDS,3364.3
2012-03-31,TIC_OFFICIAL_BONDS,3435.5
2012-04-30,TIC_OFFICIAL_BONDS,3466.5
2012-05-31,TIC_OFFICIAL_BONDS,3493.4
2012-06-30,TIC_OFFICIAL_BONDS,3560.6
2012-07-31,TIC_OFFICIAL_BONDS,3584.1
2012-08-31,TIC_OFFICIAL_BONDS,3574.4
2012-09-30,TIC_OFFICIAL_BONDS,3604.9
2012-10-31,TIC_OFFICIAL_BONDS,3625.5
2012-11-30,TIC_OFFICIAL_BONDS,3660.1
2013-01-31,TIC_OFFICIAL_BONDS,3714.9
2013-02-28,TIC_OFFICIAL_BONDS,3689.7
2013-03-31,TIC_OFFICIAL_BONDS,3680.8
2013-04-30,TIC_OFFICIAL_BONDS,3696.1
2013-05-31,TIC_OFFICIAL_BONDS,3649.5
2013-06-30,TIC_OFFICIAL_BONDS,3633.2
2013-07-31,TIC_OFFICIAL_BONDS,3601.3
2013-08-31,TIC_OFFICIAL_BONDS,3644.8
2013-09-30,TIC_OFFICIAL_BONDS,3673.7
2013-10-31,TIC_OFFICIAL_BONDS,3690.1
2013-11-30,TIC_OFFICIAL_BONDS,3656.2
2014-01-31,TIC_OFFICIAL_BONDS,3680.9
2014-02-28,TIC_OFFICIAL_BONDS,3670.0
2014-03-31,TIC_OFFICIAL_BONDS,3703.1
2014-04-30,TIC_OFFICIAL_BONDS,3731.0
2014-05-31,TIC_OFFICIAL_BONDS,3767.2
2014-06-30,TIC_OFFICIAL_BONDS,3784.9
2014-07-31,TIC_OFFICIAL_BONDS,3825.0
2014-08-31,TIC_OFFICIAL_BONDS,3822.6
2014-09-30,TIC_OFFICIAL_BONDS,3795.8
2014-10-31,TIC_OFFICIAL_BONDS,3800.6
2014-11-30,TIC_OFFICIAL_BONDS,3787.3
2015-01-31,TIC_OFFICIAL_BONDS,3746.0
2015-02-28,TIC_OFFICIAL_BONDS,3774.1
2015-03-31,TIC_OFFICIAL_BONDS,3777.3
2015-04-30,TIC_OFFICIAL_BONDS,3796.4
2015-05-31,TIC_OFFICIAL_BONDS,3808.5
2015-06-30,TIC_OFFICIAL_BONDS,3812.4
2015-07-31,TIC_OFFICIAL_BONDS,3820.2
2015-08-31,TIC_OFFICIAL_BONDS,3817.6
2015-09-30,TIC_OFFICIAL_BONDS,3790.0
2015-10-31,TIC_OFFICIAL_BONDS,3788.2
2015-11-30,TIC_OFFICIAL_BONDS,3755.0
2016-01-31,TIC_OFFICIAL_BONDS,3760.8
2016-02-29,TIC_OFFICIAL_BONDS,3766.1
2016-03-31,TIC_OFFICIAL_BONDS,3759.0
2016-04-30,TIC_OFFICIAL_BONDS,3740.7
2016-05-31,TIC_OFFICIAL_BONDS,3762.2
2016-06-30,TIC_OFFICIAL_BONDS,3731.7
2016-07-31,TIC_OFFICIAL_BONDS,3673.6
2016-08-31,TIC_OFFICIAL_BONDS,3607.3
2016-09-30,TIC_OFFICIAL_BONDS,3544.1
2016-10-31,TIC_OFFICIAL_BONDS,3472.7
2016-11-30,TIC_OFFICIAL_BONDS,3515.8
2017-01-31,TIC_OFFICIAL_BONDS,3513.7
2017-02-28,TIC_OFFICIAL_BONDS,3562.2
2017-03-31,TIC_OFFICIAL_BONDS,3585.1
2017-04-30,TIC_OFFICIAL_BONDS,3605.9
2017-05-31,TIC_OFFICIAL_BONDS,3664.5
2017-06-30,TIC_OFFICIAL_BONDS,3703.9
2017-07-31,TIC_OFFICIAL_BONDS,3727.6
2017-08-31,TIC_OFFICIAL_BONDS,3745.2
2017-09-30,TIC_OFFICIAL_BONDS,3746.9
2017-10-31,TIC_OFFICIAL_BONDS,3715.1
2017-11-30,TIC_OFFICIAL_BONDS,3706.7
2018-01-31,TIC_OFFICIAL_BONDS,3697.0
2018-02-28,TIC_OFFICIAL_BONDS,3733.1
2018-03-31,TIC_OFFICIAL_BONDS,3683.0
2018-04-30,TIC_OFFICIAL_BONDS,3644.6
2018-05-31,TIC_OFFICIAL_BONDS,3652.3
2018-06-30,TIC_OFFICIAL_BONDS,3668.1
2018-07-31,TIC_OFFICIAL_BONDS,3691.8
2018-08-31,TIC_OFFICIAL_BONDS,3693.4
2018-09-30,TIC_OFFICIAL_BONDS,3640.5
2018-10-31,TIC_OFFICIAL_BONDS,3589.4
2018-11-30,TIC_OFFICIAL_BONDS,3641.6
2019-01-31,TIC_OFFICIAL_BONDS,3710.6
2019-02-28,TIC_OFFICIAL_BONDS,3762.3
2019-03-31,TIC_OFFICIAL_BONDS,3763.1
2019-04-30,TIC_OFFICIAL_BONDS,3814.2
2019-05-31,TIC_OFFICIAL_BONDS,3858.7
2019-06-30,TIC_OFFICIAL_BONDS,3853.5
2019-07-31,TIC_OFFICIAL_BONDS,3905.0
2019-08-31,TIC_OFFICIAL_BONDS,3860.1
2019-09-30,TIC_OFFICIAL_BONDS,3834.8
2019-10-31,TIC_OFFICIAL_BONDS,3827.6
2019-11-30,TIC_OFFICIAL_BONDS,3808.3
2020-01-31,TIC_OFFICIAL_BONDS,3958.8
2020-02-29,TIC_OFFICIAL_BONDS,3834.6
2020-03-31,TIC_OFFICIAL_BONDS,3716.4
2020-04-30,TIC_OFFICIAL_BONDS,3750.2
2020-05-31,TIC_OFFICIAL_BONDS,3764.8
2020-06-30,TIC_OFFICIAL_BONDS,3797.6
2020-07-31,TIC_OFFICIAL_BONDS,3814.3
2020-08-31,TIC_OFFICIAL_BONDS,3827.4
2020-09-30,TIC_OFFICIAL_BONDS,3791.3
2020-10-31,TIC_OFFICIAL_BONDS,3805.4
2020-11-30,TIC_OFFICIAL_BONDS,3825.6
2021-01-31,TIC_OFFICIAL_BONDS,3829.1
2021-02-28,TIC_OFFICIAL_BONDS,3841.5
2021-03-31,TIC_OFFICIAL_BONDS,3881.3
2021-04-30,TIC_OFFICIAL_BONDS,3929.9
2021-05-31,TIC_OFFICIAL_BONDS,3946.4
2021-06-30,TIC_OFFICIAL_BONDS,3977.7
2021-07-31,TIC_OFFICIAL_BONDS,3958.3
2021-08-31,TIC_OFFICIAL_BONDS,3952.5
2021-09-30,TIC_OFFICIAL_BONDS,3931.7
2021-10-31,TIC_OFFICIAL_BONDS,3921.5
2021-11-30,TIC_OFFICIAL_BONDS,3870.0
2022-01-31,TIC_OFFICIAL_BONDS,3846.0
2022-02-28,TIC_OFFICIAL_BONDS,3765.6
2022-03-31,TIC_OFFICIAL_BONDS,3650.9
2022-04-30,TIC_OFFICIAL_BONDS,3617.7
2022-05-31,TIC_OFFICIAL_BONDS,3616.9
2022-06-30,TIC_OFFICIAL_BONDS,3661.0
2022-07-31,TIC_OFFICIAL_BONDS,3646.4
2022-08-31,TIC_OFFICIAL_BONDS,3493.7
2022-09-30,TIC_OFFICIAL_BONDS,3410.2
2022-10-31,TIC_OFFICIAL_BONDS,3444.8
2022-11-30,TIC_OFFICIAL_BONDS,3428.7
2023-01-31,TIC_OFFICIAL_BONDS,3435.7
2023-02-28,TIC_OFFICIAL_BONDS,3517.6
2023-03-31,TIC_OFFICIAL_BONDS,3558.4
2023-04-30,TIC_OFFICIAL_BONDS,3548.3
2023-05-31,TIC_OFFICIAL_BONDS,3548.9
2023-06-30,TIC_OFFICIAL_BONDS,3522.2
2023-07-31,TIC_OFFICIAL_BONDS,3500.4
2023-08-31,TIC_OFFICIAL_BONDS,3456.5
2023-09-30,TIC_OFFICIAL_BONDS,3405.6
2023-10-31,TIC_OFFICIAL_BONDS,3438.1
2023-11-30,TIC_OFFICIAL_BONDS,3546.5
2024-01-31,TIC_OFFICIAL_BONDS,3501.3
2024-02-29,TIC_OFFICIAL_BONDS,3549.9
2024-03-31,TIC_OFFICIAL_BONDS,3524.5
2024-04-30,TIC_OFFICIAL_BONDS,3542.8
2024-05-31,TIC_OFFICIAL_BONDS,3562.5
2024-06-30,TIC_OFFICIAL_BONDS,3574.6
2024-07-31,TIC_OFFICIAL_BONDS,3569.2
2024-08-31,TIC_OFFICIAL_BONDS,3595.8
2024-09-30,TIC_OFFICIAL_BONDS,3544.2
2024-10-31,TIC_OFFICIAL_BONDS,3557.2
2024-11-30,TIC_OFFICIAL_BONDS,3485.6
2025-01-31,TIC_OFFICIAL_BONDS,3475.1
2025-02-28,TIC_OFFICIAL_BONDS,3475.1
2025-03-31,TIC_OFFICIAL_BONDS,3515.8
2025-04-30,TIC_OFFICIAL_BONDS,3506.0
2025-05-31,TIC_OFFICIAL_BONDS,3488.5
2025-06-30,TIC_OFFICIAL_BONDS,3499.3
2025-07-31,TIC_OFFICIAL_BONDS,3485.4
2025-08-31,TIC_OFFICIAL_BONDS,3517.4
2025-09-30,TIC_OFFICIAL_BONDS,3511.0
2025-10-31,TIC_OFFICIAL_BONDS,3489.6
2025-11-30,TIC_OFFICIAL_BONDS,3536.1
2025-12-31,TIC_OFFICIAL_BONDS,3498.5
2026-01-31,TIC_OFFICIAL_BONDS,3547.1
2026-02-28,TIC_OFFICIAL_BONDS,3560.2
2000-04-30,TIC_GRAND_TOTAL_MOM,-12.8
2000-05-31,TIC_GRAND_TOTAL_MOM,-11.5
2000-06-30,TIC_GRAND_TOTAL_MOM,-4.8
2000-07-31,TIC_GRAND_TOTAL_MOM,-2.0
2000-08-31,TIC_GRAND_TOTAL_MOM,-15.1
2000-09-30,TIC_GRAND_TOTAL_MOM,-3.6
2000-10-31,TIC_GRAND_TOTAL_MOM,-14.2
2000-11-30,TIC_GRAND_TOTAL_MOM,-5.8
2001-01-31,TIC_GRAND_TOTAL_MOM,0.2
2001-02-28,TIC_GRAND_TOTAL_MOM,-2.9
2001-03-31,TIC_GRAND_TOTAL_MOM,-24.7
2001-04-30,TIC_GRAND_TOTAL_MOM,-1.6
2001-05-31,TIC_GRAND_TOTAL_MOM,-2.9
2001-06-30,TIC_GRAND_TOTAL_MOM,-7.4
2001-07-31,TIC_GRAND_TOTAL_MOM,18.1
2001-08-31,TIC_GRAND_TOTAL_MOM,-1.8
2001-09-30,TIC_GRAND_TOTAL_MOM,23.8
2001-10-31,TIC_GRAND_TOTAL_MOM,20.3
2001-11-30,TIC_GRAND_TOTAL_MOM,3.8
2002-01-31,TIC_GRAND_TOTAL_MOM,-4.3
2002-02-28,TIC_GRAND_TOTAL_MOM,21.4
2002-03-31,TIC_GRAND_TOTAL_MOM,-14.4
2002-04-30,TIC_GRAND_TOTAL_MOM,18.4
2002-05-31,TIC_GRAND_TOTAL_MOM,36.3
2002-06-30,TIC_GRAND_TOTAL_MOM,25.6
2002-07-31,TIC_GRAND_TOTAL_MOM,45.8
2002-08-31,TIC_GRAND_TOTAL_MOM,19.7
2002-09-30,TIC_GRAND_TOTAL_MOM,5.6
2002-10-31,TIC_GRAND_TOTAL_MOM,25.8
2002-11-30,TIC_GRAND_TOTAL_MOM,15.6
2003-01-31,TIC_GRAND_TOTAL_MOM,0.8
2003-02-28,TIC_GRAND_TOTAL_MOM,38.8
2003-03-31,TIC_GRAND_TOTAL_MOM,2.8
2003-04-30,TIC_GRAND_TOTAL_MOM,50.1
2003-05-31,TIC_GRAND_TOTAL_MOM,41.8
2003-06-30,TIC_GRAND_TOTAL_MOM,2.0
2003-07-31,TIC_GRAND_TOTAL_MOM,73.0
2003-08-31,TIC_GRAND_TOTAL_MOM,-1.6
2003-09-30,TIC_GRAND_TOTAL_MOM,8.6
2003-10-31,TIC_GRAND_TOTAL_MOM,46.4
2003-11-30,TIC_GRAND_TOTAL_MOM,24.8
2004-01-31,TIC_GRAND_TOTAL_MOM,86.1
2004-02-29,TIC_GRAND_TOTAL_MOM,60.8
2004-03-31,TIC_GRAND_TOTAL_MOM,41.2
2004-04-30,TIC_GRAND_TOTAL_MOM,32.6
2004-05-31,TIC_GRAND_TOTAL_MOM,76.6
2004-06-30,TIC_GRAND_TOTAL_MOM,-85.0
2004-07-31,TIC_GRAND_TOTAL_MOM,34.7
2004-08-31,TIC_GRAND_TOTAL_MOM,24.4
2004-09-30,TIC_GRAND_TOTAL_MOM,18.2
2004-10-31,TIC_GRAND_TOTAL_MOM,33.9
2004-11-30,TIC_GRAND_TOTAL_MOM,2.7
2005-01-31,TIC_GRAND_TOTAL_MOM,65.1
2005-02-28,TIC_GRAND_TOTAL_MOM,37.8
2005-03-31,TIC_GRAND_TOTAL_MOM,28.7
2005-04-30,TIC_GRAND_TOTAL_MOM,1.0
2005-05-31,TIC_GRAND_TOTAL_MOM,-10.6
2005-06-30,TIC_GRAND_TOTAL_MOM,-93.8
2005-07-31,TIC_GRAND_TOTAL_MOM,48.4
2005-08-31,TIC_GRAND_TOTAL_MOM,3.7
2005-09-30,TIC_GRAND_TOTAL_MOM,35.3
2005-10-31,TIC_GRAND_TOTAL_MOM,69.1
2005-11-30,TIC_GRAND_TOTAL_MOM,-0.1
2006-01-31,TIC_GRAND_TOTAL_MOM,37.4
2006-02-28,TIC_GRAND_TOTAL_MOM,10.8
2006-03-31,TIC_GRAND_TOTAL_MOM,-22.6
2006-04-30,TIC_GRAND_TOTAL_MOM,11.9
2006-05-31,TIC_GRAND_TOTAL_MOM,23.9
2006-06-30,TIC_GRAND_TOTAL_MOM,-117.5
2006-07-31,TIC_GRAND_TOTAL_MOM,60.2
2006-08-31,TIC_GRAND_TOTAL_MOM,-12.7
2006-09-30,TIC_GRAND_TOTAL_MOM,29.1
2006-10-31,TIC_GRAND_TOTAL_MOM,42.6
2006-11-30,TIC_GRAND_TOTAL_MOM,6.1
2007-01-31,TIC_GRAND_TOTAL_MOM,40.2
2007-02-28,TIC_GRAND_TOTAL_MOM,51.0
2007-03-31,TIC_GRAND_TOTAL_MOM,-28.1
2007-04-30,TIC_GRAND_TOTAL_MOM,18.4
2007-05-31,TIC_GRAND_TOTAL_MOM,6.6
2007-06-30,TIC_GRAND_TOTAL_MOM,0.3
2007-07-31,TIC_GRAND_TOTAL_MOM,26.3
2007-08-31,TIC_GRAND_TOTAL_MOM,17.6
2007-09-30,TIC_GRAND_TOTAL_MOM,63.7
2007-10-31,TIC_GRAND_TOTAL_MOM,35.9
2007-11-30,TIC_GRAND_TOTAL_MOM,16.1
2008-01-31,TIC_GRAND_TOTAL_MOM,75.1
2008-02-29,TIC_GRAND_TOTAL_MOM,80.1
2008-03-31,TIC_GRAND_TOTAL_MOM,80.4
2008-04-30,TIC_GRAND_TOTAL_MOM,11.0
2008-05-31,TIC_GRAND_TOTAL_MOM,36.1
2008-06-30,TIC_GRAND_TOTAL_MOM,-46.4
2008-07-31,TIC_GRAND_TOTAL_MOM,101.3
2008-08-31,TIC_GRAND_TOTAL_MOM,113.7
2008-09-30,TIC_GRAND_TOTAL_MOM,178.2
2008-10-31,TIC_GRAND_TOTAL_MOM,56.0
2008-11-30,TIC_GRAND_TOTAL_MOM,40.6
2009-01-31,TIC_GRAND_TOTAL_MOM,84.7
2009-02-28,TIC_GRAND_TOTAL_MOM,103.8
2009-03-31,TIC_GRAND_TOTAL_MOM,-3.6
2009-04-30,TIC_GRAND_TOTAL_MOM,30.5
2009-05-31,TIC_GRAND_TOTAL_MOM,91.3
2009-06-30,TIC_GRAND_TOTAL_MOM,76.9
2009-07-31,TIC_GRAND_TOTAL_MOM,70.3
2009-08-31,TIC_GRAND_TOTAL_MOM,39.5
2009-09-30,TIC_GRAND_TOTAL_MOM,1.0
2009-10-31,TIC_GRAND_TOTAL_MOM,97.4
2009-11-30,TIC_GRAND_TOTAL_MOM,16.1
2010-01-31,TIC_GRAND_TOTAL_MOM,60.4
2010-02-28,TIC_GRAND_TOTAL_MOM,132.4
2010-03-31,TIC_GRAND_TOTAL_MOM,73.3
2010-04-30,TIC_GRAND_TOTAL_MOM,7.0
2010-05-31,TIC_GRAND_TOTAL_MOM,44.7
2010-06-30,TIC_GRAND_TOTAL_MOM,67.1
2010-07-31,TIC_GRAND_TOTAL_MOM,192.1
2010-08-31,TIC_GRAND_TOTAL_MOM,53.9
2010-09-30,TIC_GRAND_TOTAL_MOM,40.0
2010-10-31,TIC_GRAND_TOTAL_MOM,38.4
2010-11-30,TIC_GRAND_TOTAL_MOM,21.4
2011-01-31,TIC_GRAND_TOTAL_MOM,51.1
2011-02-28,TIC_GRAND_TOTAL_MOM,14.5
2011-03-31,TIC_GRAND_TOTAL_MOM,15.1
2011-04-30,TIC_GRAND_TOTAL_MOM,40.1
2011-05-31,TIC_GRAND_TOTAL_MOM,-3.0
2011-06-30,TIC_GRAND_TOTAL_MOM,157.0
2011-07-31,TIC_GRAND_TOTAL_MOM,72.7
2011-08-31,TIC_GRAND_TOTAL_MOM,148.8
2011-09-30,TIC_GRAND_TOTAL_MOM,9.6
2011-10-31,TIC_GRAND_TOTAL_MOM,87.1
2011-11-30,TIC_GRAND_TOTAL_MOM,-4.4
2012-01-31,TIC_GRAND_TOTAL_MOM,98.3
2012-02-29,TIC_GRAND_TOTAL_MOM,42.4
2012-03-31,TIC_GRAND_TOTAL_MOM,69.4
2012-04-30,TIC_GRAND_TOTAL_MOM,50.8
2012-05-31,TIC_GRAND_TOTAL_MOM,45.6
2012-06-30,TIC_GRAND_TOTAL_MOM,67.8
2012-07-31,TIC_GRAND_TOTAL_MOM,68.7
2012-08-31,TIC_GRAND_TOTAL_MOM,28.7
2012-09-30,TIC_GRAND_TOTAL_MOM,50.6
2012-10-31,TIC_GRAND_TOTAL_MOM,11.5
2012-11-30,TIC_GRAND_TOTAL_MOM,35.6
2013-01-31,TIC_GRAND_TOTAL_MOM,117.3
2013-02-28,TIC_GRAND_TOTAL_MOM,33.9
2013-03-31,TIC_GRAND_TOTAL_MOM,-15.3
2013-04-30,TIC_GRAND_TOTAL_MOM,-51.6
2013-05-31,TIC_GRAND_TOTAL_MOM,-63.1
2013-06-30,TIC_GRAND_TOTAL_MOM,-2.2
2013-07-31,TIC_GRAND_TOTAL_MOM,3.0
2013-08-31,TIC_GRAND_TOTAL_MOM,57.0
2013-09-30,TIC_GRAND_TOTAL_MOM,2.3
2013-10-31,TIC_GRAND_TOTAL_MOM,61.7
2013-11-30,TIC_GRAND_TOTAL_MOM,75.8
2014-01-31,TIC_GRAND_TOTAL_MOM,97.5
2014-02-28,TIC_GRAND_TOTAL_MOM,58.2
2014-03-31,TIC_GRAND_TOTAL_MOM,11.1
2014-04-30,TIC_GRAND_TOTAL_MOM,15.1
2014-05-31,TIC_GRAND_TOTAL_MOM,44.2
2014-06-30,TIC_GRAND_TOTAL_MOM,-16.1
2014-07-31,TIC_GRAND_TOTAL_MOM,66.6
2014-08-31,TIC_GRAND_TOTAL_MOM,0.0
2014-09-30,TIC_GRAND_TOTAL_MOM,-7.2
2014-10-31,TIC_GRAND_TOTAL_MOM,52.8
2014-11-30,TIC_GRAND_TOTAL_MOM,43.2
2015-01-31,TIC_GRAND_TOTAL_MOM,5.4
2015-02-28,TIC_GRAND_TOTAL_MOM,9.2
2015-03-31,TIC_GRAND_TOTAL_MOM,-34.7
2015-04-30,TIC_GRAND_TOTAL_MOM,-3.1
2015-05-31,TIC_GRAND_TOTAL_MOM,26.2
2015-06-30,TIC_GRAND_TOTAL_MOM,-43.6
2015-07-31,TIC_GRAND_TOTAL_MOM,-17.8
2015-08-31,TIC_GRAND_TOTAL_MOM,4.4
2015-09-30,TIC_GRAND_TOTAL_MOM,-58.7
2015-10-31,TIC_GRAND_TOTAL_MOM,78.1
2015-11-30,TIC_GRAND_TOTAL_MOM,20.8
2016-01-31,TIC_GRAND_TOTAL_MOM,97.3
2016-02-29,TIC_GRAND_TOTAL_MOM,42.9
2016-03-31,TIC_GRAND_TOTAL_MOM,-47.7
2016-04-30,TIC_GRAND_TOTAL_MOM,-28.4
2016-05-31,TIC_GRAND_TOTAL_MOM,70.8
2016-06-30,TIC_GRAND_TOTAL_MOM,-31.0
2016-07-31,TIC_GRAND_TOTAL_MOM,-51.0
2016-08-31,TIC_GRAND_TOTAL_MOM,-41.2
2016-09-30,TIC_GRAND_TOTAL_MOM,-112.3
2016-10-31,TIC_GRAND_TOTAL_MOM,-90.6
2016-11-30,TIC_GRAND_TOTAL_MOM,49.8
2017-01-31,TIC_GRAND_TOTAL_MOM,9.7
2017-02-28,TIC_GRAND_TOTAL_MOM,62.8
2017-03-31,TIC_GRAND_TOTAL_MOM,-14.8
2017-04-30,TIC_GRAND_TOTAL_MOM,47.9
2017-05-31,TIC_GRAND_TOTAL_MOM,43.5
2017-06-30,TIC_GRAND_TOTAL_MOM,78.3
2017-07-31,TIC_GRAND_TOTAL_MOM,19.2
2017-08-31,TIC_GRAND_TOTAL_MOM,52.5
2017-09-30,TIC_GRAND_TOTAL_MOM,22.2
2017-10-31,TIC_GRAND_TOTAL_MOM,-17.9
2017-11-30,TIC_GRAND_TOTAL_MOM,-94.9
2018-01-31,TIC_GRAND_TOTAL_MOM,10.4
2018-02-28,TIC_GRAND_TOTAL_MOM,1.7
2018-03-31,TIC_GRAND_TOTAL_MOM,-43.4
2018-04-30,TIC_GRAND_TOTAL_MOM,35.1
2018-05-31,TIC_GRAND_TOTAL_MOM,9.9
2018-06-30,TIC_GRAND_TOTAL_MOM,29.4
2018-07-31,TIC_GRAND_TOTAL_MOM,24.2
2018-08-31,TIC_GRAND_TOTAL_MOM,-52.7
2018-09-30,TIC_GRAND_TOTAL_MOM,-25.6
2018-10-31,TIC_GRAND_TOTAL_MOM,-0.4
2018-11-30,TIC_GRAND_TOTAL_MOM,70.2
2019-01-31,TIC_GRAND_TOTAL_MOM,104.4
2019-02-28,TIC_GRAND_TOTAL_MOM,99.5
2019-03-31,TIC_GRAND_TOTAL_MOM,-40.1
2019-04-30,TIC_GRAND_TOTAL_MOM,105.5
2019-05-31,TIC_GRAND_TOTAL_MOM,86.5
2019-06-30,TIC_GRAND_TOTAL_MOM,174.3
2019-07-31,TIC_GRAND_TOTAL_MOM,236.2
2019-08-31,TIC_GRAND_TOTAL_MOM,-112.9
2019-09-30,TIC_GRAND_TOTAL_MOM,22.9
2019-10-31,TIC_GRAND_TOTAL_MOM,-44.3
2019-11-30,TIC_GRAND_TOTAL_MOM,-57.9
2020-01-31,TIC_GRAND_TOTAL_MOM,381.8
2020-02-29,TIC_GRAND_TOTAL_MOM,-276.5
2020-03-31,TIC_GRAND_TOTAL_MOM,-46.4
2020-04-30,TIC_GRAND_TOTAL_MOM,75.0
2020-05-31,TIC_GRAND_TOTAL_MOM,74.0
2020-06-30,TIC_GRAND_TOTAL_MOM,44.1
2020-07-31,TIC_GRAND_TOTAL_MOM,-14.2
2020-08-31,TIC_GRAND_TOTAL_MOM,-12.8
2020-09-30,TIC_GRAND_TOTAL_MOM,1.2
2020-10-31,TIC_GRAND_TOTAL_MOM,-19.2
2020-11-30,TIC_GRAND_TOTAL_MOM,19.5
2021-01-31,TIC_GRAND_TOTAL_MOM,38.1
2021-02-28,TIC_GRAND_TOTAL_MOM,-70.5
2021-03-31,TIC_GRAND_TOTAL_MOM,40.3
2021-04-30,TIC_GRAND_TOTAL_MOM,66.1
2021-05-31,TIC_GRAND_TOTAL_MOM,374.2
2021-06-30,TIC_GRAND_TOTAL_MOM,48.4
2021-07-31,TIC_GRAND_TOTAL_MOM,11.5
2021-08-31,TIC_GRAND_TOTAL_MOM,-7.9
2021-09-30,TIC_GRAND_TOTAL_MOM,89.8
2021-10-31,TIC_GRAND_TOTAL_MOM,27.2
2021-11-30,TIC_GRAND_TOTAL_MOM,52.5
2022-01-31,TIC_GRAND_TOTAL_MOM,-36.9
2022-02-28,TIC_GRAND_TOTAL_MOM,-99.3
2022-03-31,TIC_GRAND_TOTAL_MOM,-161.1
2022-04-30,TIC_GRAND_TOTAL_MOM,-32.3
2022-05-31,TIC_GRAND_TOTAL_MOM,6.1
2022-06-30,TIC_GRAND_TOTAL_MOM,68.6
2022-07-31,TIC_GRAND_TOTAL_MOM,7.2
2022-08-31,TIC_GRAND_TOTAL_MOM,-241.2
2022-09-30,TIC_GRAND_TOTAL_MOM,-118.3
2022-10-31,TIC_GRAND_TOTAL_MOM,51.5
2022-11-30,TIC_GRAND_TOTAL_MOM,10.0
2023-01-31,TIC_GRAND_TOTAL_MOM,60.2
2023-02-28,TIC_GRAND_TOTAL_MOM,213.7
2023-03-31,TIC_GRAND_TOTAL_MOM,37.4
2023-04-30,TIC_GRAND_TOTAL_MOM,-47.4
2023-05-31,TIC_GRAND_TOTAL_MOM,104.6
2023-06-30,TIC_GRAND_TOTAL_MOM,31.9
2023-07-31,TIC_GRAND_TOTAL_MOM,25.4
2023-08-31,TIC_GRAND_TOTAL_MOM,-111.4
2023-09-30,TIC_GRAND_TOTAL_MOM,-32.4
2023-10-31,TIC_GRAND_TOTAL_MOM,239.6
2023-11-30,TIC_GRAND_TOTAL_MOM,223.7
2024-01-31,TIC_GRAND_TOTAL_MOM,59.3
2024-02-29,TIC_GRAND_TOTAL_MOM,108.6
2024-03-31,TIC_GRAND_TOTAL_MOM,-71.7
2024-04-30,TIC_GRAND_TOTAL_MOM,94.5
2024-05-31,TIC_GRAND_TOTAL_MOM,168.6
2024-06-30,TIC_GRAND_TOTAL_MOM,128.9
2024-07-31,TIC_GRAND_TOTAL_MOM,183.2
2024-08-31,TIC_GRAND_TOTAL_MOM,154.9
2024-09-30,TIC_GRAND_TOTAL_MOM,-72.8
2024-10-31,TIC_GRAND_TOTAL_MOM,29.8
2024-11-30,TIC_GRAND_TOTAL_MOM,-104.0
2025-01-31,TIC_GRAND_TOTAL_MOM,280.7
2025-02-28,TIC_GRAND_TOTAL_MOM,0.0
2025-03-31,TIC_GRAND_TOTAL_MOM,154.2
2025-04-30,TIC_GRAND_TOTAL_MOM,-53.2
2025-05-31,TIC_GRAND_TOTAL_MOM,22.5
2025-06-30,TIC_GRAND_TOTAL_MOM,70.5
2025-07-31,TIC_GRAND_TOTAL_MOM,15.4
2025-08-31,TIC_GRAND_TOTAL_MOM,139.0
2025-09-30,TIC_GRAND_TOTAL_MOM,-11.3
2025-10-31,TIC_GRAND_TOTAL_MOM,-4.2
2025-11-30,TIC_GRAND_TOTAL_MOM,116.7
2025-12-31,TIC_GRAND_TOTAL_MOM,-82.4
2026-01-31,TIC_GRAND_TOTAL_MOM,22.2
2026-02-28,TIC_GRAND_TOTAL_MOM,197.7
2000-04-30,TIC_OFFICIAL_MOM,-10.9
2000-05-31,TIC_OFFICIAL_MOM,6.9
2000-06-30,TIC_OFFICIAL_MOM,1.7
2000-07-31,TIC_OFFICIAL_MOM,0.2
2000-08-31,TIC_OFFICIAL_MOM,-10.9
2000-09-30,TIC_OFFICIAL_MOM,-7.5
2000-10-31,TIC_OFFICIAL_MOM,-5.0
2000-11-30,TIC_OFFICIAL_MOM,-0.9
2001-01-31,TIC_OFFICIAL_MOM,5.1
2001-02-28,TIC_OFFICIAL_MOM,-0.1
2001-03-31,TIC_OFFICIAL_MOM,-20.1
2001-04-30,TIC_OFFICIAL_MOM,-5.3
2001-05-31,TIC_OFFICIAL_MOM,-1.9
2001-06-30,TIC_OFFICIAL_MOM,3.1
2001-07-31,TIC_OFFICIAL_MOM,11.7
2001-08-31,TIC_OFFICIAL_MOM,1.0
2001-09-30,TIC_OFFICIAL_MOM,8.9
2001-10-31,TIC_OFFICIAL_MOM,12.6
2001-11-30,TIC_OFFICIAL_MOM,-4.8
2002-01-31,TIC_OFFICIAL_MOM,-7.2
2002-02-28,TIC_OFFICIAL_MOM,2.5
2002-03-31,TIC_OFFICIAL_MOM,-7.1
2002-04-30,TIC_OFFICIAL_MOM,6.6
2002-05-31,TIC_OFFICIAL_MOM,16.2
2002-06-30,TIC_OFFICIAL_MOM,105.4
2002-07-31,TIC_OFFICIAL_MOM,8.2
2002-08-31,TIC_OFFICIAL_MOM,-7.5
2002-09-30,TIC_OFFICIAL_MOM,3.3
2002-10-31,TIC_OFFICIAL_MOM,14.0
2002-11-30,TIC_OFFICIAL_MOM,6.3
2003-01-31,TIC_OFFICIAL_MOM,13.9
2003-02-28,TIC_OFFICIAL_MOM,9.6
2003-03-31,TIC_OFFICIAL_MOM,-6.6
2003-04-30,TIC_OFFICIAL_MOM,22.8
2003-05-31,TIC_OFFICIAL_MOM,15.9
2003-06-30,TIC_OFFICIAL_MOM,48.5
2003-07-31,TIC_OFFICIAL_MOM,11.8
2003-08-31,TIC_OFFICIAL_MOM,2.9
2003-09-30,TIC_OFFICIAL_MOM,23.6
2003-10-31,TIC_OFFICIAL_MOM,26.4
2003-11-30,TIC_OFFICIAL_MOM,5.0
2004-01-31,TIC_OFFICIAL_MOM,57.2
2004-02-29,TIC_OFFICIAL_MOM,39.9
2004-03-31,TIC_OFFICIAL_MOM,15.6
2004-04-30,TIC_OFFICIAL_MOM,16.2
2004-05-31,TIC_OFFICIAL_MOM,32.1
2004-06-30,TIC_OFFICIAL_MOM,66.0
2004-07-31,TIC_OFFICIAL_MOM,26.9
2004-08-31,TIC_OFFICIAL_MOM,17.1
2004-09-30,TIC_OFFICIAL_MOM,15.5
2004-10-31,TIC_OFFICIAL_MOM,17.6
2004-11-30,TIC_OFFICIAL_MOM,-4.7
2005-01-31,TIC_OFFICIAL_MOM,9.9
2005-02-28,TIC_OFFICIAL_MOM,-13.6
2005-03-31,TIC_OFFICIAL_MOM,7.4
2005-04-30,TIC_OFFICIAL_MOM,6.8
2005-05-31,TIC_OFFICIAL_MOM,-7.2
2005-06-30,TIC_OFFICIAL_MOM,47.2
2005-07-31,TIC_OFFICIAL_MOM,9.2
2005-08-31,TIC_OFFICIAL_MOM,-11.1
2005-09-30,TIC_OFFICIAL_MOM,10.4
2005-10-31,TIC_OFFICIAL_MOM,20.0
2005-11-30,TIC_OFFICIAL_MOM,-7.2
2006-01-31,TIC_OFFICIAL_MOM,34.2
2006-02-28,TIC_OFFICIAL_MOM,-7.4
2006-03-31,TIC_OFFICIAL_MOM,-5.6
2006-04-30,TIC_OFFICIAL_MOM,-14.7
2006-05-31,TIC_OFFICIAL_MOM,-13.1
2006-06-30,TIC_OFFICIAL_MOM,99.2
2006-07-31,TIC_OFFICIAL_MOM,31.4
2006-08-31,TIC_OFFICIAL_MOM,-2.9
2006-09-30,TIC_OFFICIAL_MOM,17.5
2006-10-31,TIC_OFFICIAL_MOM,8.7
2006-11-30,TIC_OFFICIAL_MOM,-3.2
2007-01-31,TIC_OFFICIAL_MOM,2.3
2007-02-28,TIC_OFFICIAL_MOM,14.7
2007-03-31,TIC_OFFICIAL_MOM,-7.7
2007-04-30,TIC_OFFICIAL_MOM,-10.0
2007-05-31,TIC_OFFICIAL_MOM,-5.3
2007-06-30,TIC_OFFICIAL_MOM,169.5
2007-07-31,TIC_OFFICIAL_MOM,-17.2
2007-08-31,TIC_OFFICIAL_MOM,13.8
2007-09-30,TIC_OFFICIAL_MOM,7.0
2007-10-31,TIC_OFFICIAL_MOM,5.1
2007-11-30,TIC_OFFICIAL_MOM,21.8
2008-01-31,TIC_OFFICIAL_MOM,39.1
2008-02-29,TIC_OFFICIAL_MOM,25.0
2008-03-31,TIC_OFFICIAL_MOM,36.0
2008-04-30,TIC_OFFICIAL_MOM,0.6
2008-05-31,TIC_OFFICIAL_MOM,7.8
2008-06-30,TIC_OFFICIAL_MOM,159.2
2008-07-31,TIC_OFFICIAL_MOM,33.9
2008-08-31,TIC_OFFICIAL_MOM,36.2
2008-09-30,TIC_OFFICIAL_MOM,82.3
2008-10-31,TIC_OFFICIAL_MOM,40.4
2008-11-30,TIC_OFFICIAL_MOM,34.6
2009-01-31,TIC_OFFICIAL_MOM,59.4
2009-02-28,TIC_OFFICIAL_MOM,50.5
2009-03-31,TIC_OFFICIAL_MOM,5.0
2009-04-30,TIC_OFFICIAL_MOM,33.9
2009-05-31,TIC_OFFICIAL_MOM,8.2
2009-06-30,TIC_OFFICIAL_MOM,330.2
2009-07-31,TIC_OFFICIAL_MOM,64.3
2009-08-31,TIC_OFFICIAL_MOM,4.8
2009-09-30,TIC_OFFICIAL_MOM,15.8
2009-10-31,TIC_OFFICIAL_MOM,18.2
2009-11-30,TIC_OFFICIAL_MOM,-28.5
2010-01-31,TIC_OFFICIAL_MOM,-29.8
2010-02-28,TIC_OFFICIAL_MOM,33.0
2010-03-31,TIC_OFFICIAL_MOM,11.9
2010-04-30,TIC_OFFICIAL_MOM,-25.4
2010-05-31,TIC_OFFICIAL_MOM,-1.1
2010-06-30,TIC_OFFICIAL_MOM,382.7
2010-07-31,TIC_OFFICIAL_MOM,80.1
2010-08-31,TIC_OFFICIAL_MOM,50.2
2010-09-30,TIC_OFFICIAL_MOM,26.2
2010-10-31,TIC_OFFICIAL_MOM,-15.5
2010-11-30,TIC_OFFICIAL_MOM,-23.1
2011-01-31,TIC_OFFICIAL_MOM,4.0
2011-02-28,TIC_OFFICIAL_MOM,-10.0
2011-03-31,TIC_OFFICIAL_MOM,36.3
2011-04-30,TIC_OFFICIAL_MOM,23.2
2011-05-31,TIC_OFFICIAL_MOM,-0.8
2011-06-30,TIC_OFFICIAL_MOM,272.6
2011-07-31,TIC_OFFICIAL_MOM,2.6
2011-08-31,TIC_OFFICIAL_MOM,102.3
2011-09-30,TIC_OFFICIAL_MOM,-18.8
2011-10-31,TIC_OFFICIAL_MOM,27.8
2011-11-30,TIC_OFFICIAL_MOM,-7.9
2012-01-31,TIC_OFFICIAL_MOM,92.3
2012-02-29,TIC_OFFICIAL_MOM,9.7
2012-03-31,TIC_OFFICIAL_MOM,60.8
2012-04-30,TIC_OFFICIAL_MOM,45.2
2012-05-31,TIC_OFFICIAL_MOM,29.3
2012-06-30,TIC_OFFICIAL_MOM,59.5
2012-07-31,TIC_OFFICIAL_MOM,39.7
2012-08-31,TIC_OFFICIAL_MOM,1.0
2012-09-30,TIC_OFFICIAL_MOM,26.2
2012-10-31,TIC_OFFICIAL_MOM,24.7
2012-11-30,TIC_OFFICIAL_MOM,23.8
2013-01-31,TIC_OFFICIAL_MOM,67.6
2013-02-28,TIC_OFFICIAL_MOM,-6.6
2013-03-31,TIC_OFFICIAL_MOM,-13.8
2013-04-30,TIC_OFFICIAL_MOM,-4.1
2013-05-31,TIC_OFFICIAL_MOM,-63.7
2013-06-30,TIC_OFFICIAL_MOM,-16.1
2013-07-31,TIC_OFFICIAL_MOM,-21.6
2013-08-31,TIC_OFFICIAL_MOM,40.9
2013-09-30,TIC_OFFICIAL_MOM,36.9
2013-10-31,TIC_OFFICIAL_MOM,21.9
2013-11-30,TIC_OFFICIAL_MOM,-19.6
2014-01-31,TIC_OFFICIAL_MOM,14.7
2014-02-28,TIC_OFFICIAL_MOM,-15.5
2014-03-31,TIC_OFFICIAL_MOM,13.7
2014-04-30,TIC_OFFICIAL_MOM,24.7
2014-05-31,TIC_OFFICIAL_MOM,16.0
2014-06-30,TIC_OFFICIAL_MOM,9.4
2014-07-31,TIC_OFFICIAL_MOM,46.0
2014-08-31,TIC_OFFICIAL_MOM,-15.6
2014-09-30,TIC_OFFICIAL_MOM,-15.1
2014-10-31,TIC_OFFICIAL_MOM,9.7
2014-11-30,TIC_OFFICIAL_MOM,-20.0
2015-01-31,TIC_OFFICIAL_MOM,-25.2
2015-02-28,TIC_OFFICIAL_MOM,41.2
2015-03-31,TIC_OFFICIAL_MOM,6.3
2015-04-30,TIC_OFFICIAL_MOM,28.4
2015-05-31,TIC_OFFICIAL_MOM,3.5
2015-06-30,TIC_OFFICIAL_MOM,-5.2
2015-07-31,TIC_OFFICIAL_MOM,4.3
2015-08-31,TIC_OFFICIAL_MOM,-30.3
2015-09-30,TIC_OFFICIAL_MOM,-48.4
2015-10-31,TIC_OFFICIAL_MOM,17.4
2015-11-30,TIC_OFFICIAL_MOM,-23.0
2016-01-31,TIC_OFFICIAL_MOM,-11.8
2016-02-29,TIC_OFFICIAL_MOM,-10.6
2016-03-31,TIC_OFFICIAL_MOM,-25.3
2016-04-30,TIC_OFFICIAL_MOM,-21.7
2016-05-31,TIC_OFFICIAL_MOM,12.5
2016-06-30,TIC_OFFICIAL_MOM,-26.4
2016-07-31,TIC_OFFICIAL_MOM,-61.9
2016-08-31,TIC_OFFICIAL_MOM,-47.0
2016-09-30,TIC_OFFICIAL_MOM,-60.2
2016-10-31,TIC_OFFICIAL_MOM,-71.0
2016-11-30,TIC_OFFICIAL_MOM,45.2
2017-01-31,TIC_OFFICIAL_MOM,1.9
2017-02-28,TIC_OFFICIAL_MOM,64.8
2017-03-31,TIC_OFFICIAL_MOM,31.6
2017-04-30,TIC_OFFICIAL_MOM,23.6
2017-05-31,TIC_OFFICIAL_MOM,59.1
2017-06-30,TIC_OFFICIAL_MOM,40.1
2017-07-31,TIC_OFFICIAL_MOM,17.2
2017-08-31,TIC_OFFICIAL_MOM,18.7
2017-09-30,TIC_OFFICIAL_MOM,8.7
2017-10-31,TIC_OFFICIAL_MOM,-24.4
2017-11-30,TIC_OFFICIAL_MOM,-30.7
2018-01-31,TIC_OFFICIAL_MOM,7.0
2018-02-28,TIC_OFFICIAL_MOM,20.7
2018-03-31,TIC_OFFICIAL_MOM,-45.5
2018-04-30,TIC_OFFICIAL_MOM,-15.3
2018-05-31,TIC_OFFICIAL_MOM,-2.3
2018-06-30,TIC_OFFICIAL_MOM,19.2
2018-07-31,TIC_OFFICIAL_MOM,13.3
2018-08-31,TIC_OFFICIAL_MOM,-11.0
2018-09-30,TIC_OFFICIAL_MOM,-63.0
2018-10-31,TIC_OFFICIAL_MOM,-45.9
2018-11-30,TIC_OFFICIAL_MOM,55.6
2019-01-31,TIC_OFFICIAL_MOM,72.9
2019-02-28,TIC_OFFICIAL_MOM,51.2
2019-03-31,TIC_OFFICIAL_MOM,-10.0
2019-04-30,TIC_OFFICIAL_MOM,41.2
2019-05-31,TIC_OFFICIAL_MOM,34.0
2019-06-30,TIC_OFFICIAL_MOM,-6.8
2019-07-31,TIC_OFFICIAL_MOM,60.9
2019-08-31,TIC_OFFICIAL_MOM,-49.3
2019-09-30,TIC_OFFICIAL_MOM,-28.0
2019-10-31,TIC_OFFICIAL_MOM,-21.7
2019-11-30,TIC_OFFICIAL_MOM,-24.3
2020-01-31,TIC_OFFICIAL_MOM,188.0
2020-02-29,TIC_OFFICIAL_MOM,-147.0
2020-03-31,TIC_OFFICIAL_MOM,-70.5
2020-04-30,TIC_OFFICIAL_MOM,58.5
2020-05-31,TIC_OFFICIAL_MOM,41.2
2020-06-30,TIC_OFFICIAL_MOM,44.1
2020-07-31,TIC_OFFICIAL_MOM,8.1
2020-08-31,TIC_OFFICIAL_MOM,-0.4
2020-09-30,TIC_OFFICIAL_MOM,-32.1
2020-10-31,TIC_OFFICIAL_MOM,9.4
2020-11-30,TIC_OFFICIAL_MOM,10.3
2021-01-31,TIC_OFFICIAL_MOM,48.8
2021-02-28,TIC_OFFICIAL_MOM,-33.2
2021-03-31,TIC_OFFICIAL_MOM,-0.6
2021-04-30,TIC_OFFICIAL_MOM,24.5
2021-05-31,TIC_OFFICIAL_MOM,-10.1
2021-06-30,TIC_OFFICIAL_MOM,38.2
2021-07-31,TIC_OFFICIAL_MOM,-37.8
2021-08-31,TIC_OFFICIAL_MOM,-8.4
2021-09-30,TIC_OFFICIAL_MOM,-28.5
2021-10-31,TIC_OFFICIAL_MOM,-18.4
2021-11-30,TIC_OFFICIAL_MOM,-43.3
2022-01-31,TIC_OFFICIAL_MOM,6.7
2022-02-28,TIC_OFFICIAL_MOM,-99.1
2022-03-31,TIC_OFFICIAL_MOM,-117.8
2022-04-30,TIC_OFFICIAL_MOM,-41.2
2022-05-31,TIC_OFFICIAL_MOM,-11.0
2022-06-30,TIC_OFFICIAL_MOM,39.7
2022-07-31,TIC_OFFICIAL_MOM,-18.1
2022-08-31,TIC_OFFICIAL_MOM,-163.2
2022-09-30,TIC_OFFICIAL_MOM,-99.7
2022-10-31,TIC_OFFICIAL_MOM,48.0
2022-11-30,TIC_OFFICIAL_MOM,5.4
2023-01-31,TIC_OFFICIAL_MOM,25.3
2023-02-28,TIC_OFFICIAL_MOM,77.2
2023-03-31,TIC_OFFICIAL_MOM,19.8
2023-04-30,TIC_OFFICIAL_MOM,-7.0
2023-05-31,TIC_OFFICIAL_MOM,-13.5
2023-06-30,TIC_OFFICIAL_MOM,-10.4
2023-07-31,TIC_OFFICIAL_MOM,-20.6
2023-08-31,TIC_OFFICIAL_MOM,-47.2
2023-09-30,TIC_OFFICIAL_MOM,-50.6
2023-10-31,TIC_OFFICIAL_MOM,43.7
2023-11-30,TIC_OFFICIAL_MOM,112.3
2024-01-31,TIC_OFFICIAL_MOM,-28.8
2024-02-29,TIC_OFFICIAL_MOM,49.3
2024-03-31,TIC_OFFICIAL_MOM,-29.7
2024-04-30,TIC_OFFICIAL_MOM,10.5
2024-05-31,TIC_OFFICIAL_MOM,33.3
2024-06-30,TIC_OFFICIAL_MOM,15.4
2024-07-31,TIC_OFFICIAL_MOM,30.0
2024-08-31,TIC_OFFICIAL_MOM,37.7
2024-09-30,TIC_OFFICIAL_MOM,-57.8
2024-10-31,TIC_OFFICIAL_MOM,5.6
2024-11-30,TIC_OFFICIAL_MOM,-69.4
2025-01-31,TIC_OFFICIAL_MOM,117.6
2025-02-28,TIC_OFFICIAL_MOM,0.0
2025-03-31,TIC_OFFICIAL_MOM,25.5
2025-04-30,TIC_OFFICIAL_MOM,-15.7
2025-05-31,TIC_OFFICIAL_MOM,-33.8
2025-06-30,TIC_OFFICIAL_MOM,15.8
2025-07-31,TIC_OFFICIAL_MOM,-6.9
2025-08-31,TIC_OFFICIAL_MOM,33.7
2025-09-30,TIC_OFFICIAL_MOM,-46.3
2025-10-31,TIC_OFFICIAL_MOM,-6.6
2025-11-30,TIC_OFFICIAL_MOM,45.8
2025-12-31,TIC_OFFICIAL_MOM,-34.6
2026-01-31,TIC_OFFICIAL_MOM,67.8
2026-02-28,TIC_OFFICIAL_MOM,80.9
